content,time,title,id
[],[],[],34c8e93c-9ea4-11e8-9960-000c29c468ed
[],[],[],36d7a394-9ea4-11e8-9960-000c29c468ed
[],[],[],3885dbc0-9ea4-11e8-9960-000c29c468ed
[],[],[],39bcd1ce-9ea4-11e8-9960-000c29c468ed
[],[],[],39bcd1cf-9ea4-11e8-9960-000c29c468ed
[],[],[],3bec9d12-9ea4-11e8-9960-000c29c468ed
[],[],[],3d7350d6-9ea4-11e8-9960-000c29c468ed
[],[],[],3eb6946c-9ea4-11e8-9960-000c29c468ed
[],[],[],407055e0-9ea4-11e8-9960-000c29c468ed
[],[],[],42320c3e-9ea4-11e8-9960-000c29c468ed
[],[],[],4368a75c-9ea4-11e8-9960-000c29c468ed
[],[],[],4453d9ca-9ea4-11e8-9960-000c29c468ed
[],[],[],460e7fea-9ea4-11e8-9960-000c29c468ed
[],[],[],47d17670-9ea4-11e8-9960-000c29c468ed
[],[],[],47d17671-9ea4-11e8-9960-000c29c468ed
[],[],[],4a7d678a-9ea4-11e8-9960-000c29c468ed
[],[],[],4bbbc79a-9ea4-11e8-9960-000c29c468ed
[],[],[],4d4c485a-9ea4-11e8-9960-000c29c468ed
[],[],[],4ef9a210-9ea4-11e8-9960-000c29c468ed
[],[],[],504350c6-9ea4-11e8-9960-000c29c468ed
[],[],[],504350c7-9ea4-11e8-9960-000c29c468ed
[],[],[],527fa3ee-9ea4-11e8-9960-000c29c468ed
[],[],[],542e1a2c-9ea4-11e8-9960-000c29c468ed
[],[],[],55ab0edc-9ea4-11e8-9960-000c29c468ed
[],[],[],56d79848-9ea4-11e8-9960-000c29c468ed
[],[],[],56d79849-9ea4-11e8-9960-000c29c468ed
[],[],[],586dbf52-9ea4-11e8-9960-000c29c468ed
[],[],[],5a2f0b3e-9ea4-11e8-9960-000c29c468ed
[],[],[],5b404358-9ea4-11e8-9960-000c29c468ed
[],[],[],5e64679e-9ea4-11e8-9960-000c29c468ed
[],[],[],66b5b7b8-9ea4-11e8-9960-000c29c468ed
[],[],[],69d0e166-9ea4-11e8-9960-000c29c468ed
[],[],[],71f51f2e-9ea4-11e8-9960-000c29c468ed
[],[],[],72ed2cfa-9ea4-11e8-9960-000c29c468ed
[],[],[],72ed2cfb-9ea4-11e8-9960-000c29c468ed
[],[],[],72ed2cfc-9ea4-11e8-9960-000c29c468ed
[],[],[],72ed2cfd-9ea4-11e8-9960-000c29c468ed
[],[],[],72ed2cfe-9ea4-11e8-9960-000c29c468ed
[],[],[],72ed2cff-9ea4-11e8-9960-000c29c468ed
[],[],[],7c8d0848-9ea4-11e8-9960-000c29c468ed
[],[],[],7c8d0849-9ea4-11e8-9960-000c29c468ed
[],[],[],8307e454-9ea4-11e8-9960-000c29c468ed
[],[],[],84078328-9ea4-11e8-9960-000c29c468ed
[],[],[],8b02a7b6-9ea4-11e8-9960-000c29c468ed
[],[],[],8b02a7b7-9ea4-11e8-9960-000c29c468ed
[],[],[],8b02a7b8-9ea4-11e8-9960-000c29c468ed
[],[],[],8b02a7b9-9ea4-11e8-9960-000c29c468ed
[],[],[],8b02a7ba-9ea4-11e8-9960-000c29c468ed
[],[],[],8c68bc94-9ea4-11e8-9960-000c29c468ed
[],[],[],8c68bc95-9ea4-11e8-9960-000c29c468ed
[],[],[],8e59ea50-9ea4-11e8-9960-000c29c468ed
[],[],[],8e59ea51-9ea4-11e8-9960-000c29c468ed
[],[],[],8e59ea52-9ea4-11e8-9960-000c29c468ed
[],[],[],8f70b2de-9ea4-11e8-9960-000c29c468ed
[],[],[],910a6d74-9ea4-11e8-9960-000c29c468ed
[],[],[],927cef9c-9ea4-11e8-9960-000c29c468ed
[],[],[],927cef9d-9ea4-11e8-9960-000c29c468ed
[],[],[],93e5dfd8-9ea4-11e8-9960-000c29c468ed
[],[],[],958dd764-9ea4-11e8-9960-000c29c468ed
[],[],[],97111254-9ea4-11e8-9960-000c29c468ed
[],[],[],984dcf04-9ea4-11e8-9960-000c29c468ed
[],[],[],99e1f124-9ea4-11e8-9960-000c29c468ed
[],[],[],9b5570b2-9ea4-11e8-9960-000c29c468ed
[],[],[],9ce76b10-9ea4-11e8-9960-000c29c468ed
[],[],[],9ea682ba-9ea4-11e8-9960-000c29c468ed
[],[],[],a01b74f2-9ea4-11e8-9960-000c29c468ed
[],[],[],a1d60866-9ea4-11e8-9960-000c29c468ed
[],[],[],a1d60867-9ea4-11e8-9960-000c29c468ed
[],[],[],a4826da2-9ea4-11e8-9960-000c29c468ed
[],[],[],a637e53c-9ea4-11e8-9960-000c29c468ed
[],[],[],a761fe20-9ea4-11e8-9960-000c29c468ed
[],[],[],a915ffc8-9ea4-11e8-9960-000c29c468ed
[],[],[],aaeb22ec-9ea4-11e8-9960-000c29c468ed
[],[],[],ac62ac44-9ea4-11e8-9960-000c29c468ed
[],[],[],ad4ce93a-9ea4-11e8-9960-000c29c468ed
[],[],[],af6fe1c2-9ea4-11e8-9960-000c29c468ed
[],[],[],b04535ac-9ea4-11e8-9960-000c29c468ed
[],[],[],b1b5dcfc-9ea4-11e8-9960-000c29c468ed
[],[],[],b36439cc-9ea4-11e8-9960-000c29c468ed
[],[],[],b50a1c74-9ea4-11e8-9960-000c29c468ed
[],[],[],b6db36f0-9ea4-11e8-9960-000c29c468ed
[],[],[],b6db36f1-9ea4-11e8-9960-000c29c468ed
[],[],[],b9191356-9ea4-11e8-9960-000c29c468ed
[],[],[],ba7882a4-9ea4-11e8-9960-000c29c468ed
[],[],[],bbe2814e-9ea4-11e8-9960-000c29c468ed
[],[],[],bdad7efc-9ea4-11e8-9960-000c29c468ed
[],[],[],bf583bf2-9ea4-11e8-9960-000c29c468ed
[],[],[],c109d582-9ea4-11e8-9960-000c29c468ed
[],[],[],c2ae5ebc-9ea4-11e8-9960-000c29c468ed
[],[],[],c3bd204a-9ea4-11e8-9960-000c29c468ed
[],[],[],c56ccaa8-9ea4-11e8-9960-000c29c468ed
[],[],[],c741cb3a-9ea4-11e8-9960-000c29c468ed
[],[],[],c8c9a72a-9ea4-11e8-9960-000c29c468ed
[],[],[],c9cf5ffc-9ea4-11e8-9960-000c29c468ed
[],[],[],caf8edb2-9ea4-11e8-9960-000c29c468ed
[],[],[],cc81a9da-9ea4-11e8-9960-000c29c468ed
[],[],[],ce0eb77a-9ea4-11e8-9960-000c29c468ed
[],[],[],cf92bf9c-9ea4-11e8-9960-000c29c468ed
[],[],[],d125e988-9ea4-11e8-9960-000c29c468ed
[],[],[],d2e4fbce-9ea4-11e8-9960-000c29c468ed
[],[],[],d43882b6-9ea4-11e8-9960-000c29c468ed
[],[],[],d5aafdfe-9ea4-11e8-9960-000c29c468ed
[],[],[],d7520972-9ea4-11e8-9960-000c29c468ed
[],[],[],d8d37362-9ea4-11e8-9960-000c29c468ed
[],[],[],da186372-9ea4-11e8-9960-000c29c468ed
[],[],[],dbbdbc18-9ea4-11e8-9960-000c29c468ed
[],[],[],dcf2e540-9ea4-11e8-9960-000c29c468ed
[],[],[],de7ea9c6-9ea4-11e8-9960-000c29c468ed
[],[],[],e01dec88-9ea4-11e8-9960-000c29c468ed
[],[],[],e1c8f1a4-9ea4-11e8-9960-000c29c468ed
[],[],[],e42df6e2-9ea4-11e8-9960-000c29c468ed
[],[],[],e42df6e3-9ea4-11e8-9960-000c29c468ed
[],[],[],e639c63c-9ea4-11e8-9960-000c29c468ed
[],[],[],e7ce5b5c-9ea4-11e8-9960-000c29c468ed
[],[],[],e8ce7622-9ea4-11e8-9960-000c29c468ed
[],[],[],eaa85012-9ea4-11e8-9960-000c29c468ed
[],[],[],ebb928e6-9ea4-11e8-9960-000c29c468ed
[],[],[],ed533b88-9ea4-11e8-9960-000c29c468ed
[],[],[],eeeae932-9ea4-11e8-9960-000c29c468ed
[],[],[],f0891ffc-9ea4-11e8-9960-000c29c468ed
[],[],[],f1a78914-9ea4-11e8-9960-000c29c468ed
[],[],[],f1a78915-9ea4-11e8-9960-000c29c468ed
[],[],[],f3ed6388-9ea4-11e8-9960-000c29c468ed
[],[],[],f5683918-9ea4-11e8-9960-000c29c468ed
[],[],[],f727d984-9ea4-11e8-9960-000c29c468ed
[],[],[],f8db9680-9ea4-11e8-9960-000c29c468ed
[],[],[],fa5452ae-9ea4-11e8-9960-000c29c468ed
[],[],[],fb6e6738-9ea4-11e8-9960-000c29c468ed
[],[],[],fcd757d8-9ea4-11e8-9960-000c29c468ed
[],[],[],fdb1eef2-9ea4-11e8-9960-000c29c468ed
[],[],[],fececff8-9ea4-11e8-9960-000c29c468ed
[],[],[],00209dd2-9ea5-11e8-9960-000c29c468ed
[],[],[],017666d0-9ea5-11e8-9960-000c29c468ed
[],[],[],02dc7eec-9ea5-11e8-9960-000c29c468ed
[],[],[],0412a610-9ea5-11e8-9960-000c29c468ed
[],[],[],05209224-9ea5-11e8-9960-000c29c468ed
[],[],[],06e85d80-9ea5-11e8-9960-000c29c468ed
[],[],[],08848c86-9ea5-11e8-9960-000c29c468ed
[],[],[],0a3494a4-9ea5-11e8-9960-000c29c468ed
[],[],[],0bbefb7a-9ea5-11e8-9960-000c29c468ed
[],[],[],0cea5120-9ea5-11e8-9960-000c29c468ed
[],[],[],0e23ea88-9ea5-11e8-9960-000c29c468ed
[],[],[],0f1eea32-9ea5-11e8-9960-000c29c468ed
[],[],[],1086e762-9ea5-11e8-9960-000c29c468ed
[],[],[],11f18706-9ea5-11e8-9960-000c29c468ed
[],[],[],13a17d72-9ea5-11e8-9960-000c29c468ed
[],[],[],15679c7c-9ea5-11e8-9960-000c29c468ed
[],[],[],1747b5cc-9ea5-11e8-9960-000c29c468ed
[],[],[],18b59dc0-9ea5-11e8-9960-000c29c468ed
[],[],[],1a1dac70-9ea5-11e8-9960-000c29c468ed
[],[],[],1bc37c44-9ea5-11e8-9960-000c29c468ed
[],[],[],1d1b1df4-9ea5-11e8-9960-000c29c468ed
[],[],[],1e6a0044-9ea5-11e8-9960-000c29c468ed
[],[],[],20302264-9ea5-11e8-9960-000c29c468ed
[],[],[],21f48ea0-9ea5-11e8-9960-000c29c468ed
[],[],[],239c1d54-9ea5-11e8-9960-000c29c468ed
[],[],[],2563978e-9ea5-11e8-9960-000c29c468ed
[],[],[],265eb632-9ea5-11e8-9960-000c29c468ed
[],[],[],27c07844-9ea5-11e8-9960-000c29c468ed
[],[],[],29868e98-9ea5-11e8-9960-000c29c468ed
[],[],[],2afb60dc-9ea5-11e8-9960-000c29c468ed
[],[],[],2cc3d5f2-9ea5-11e8-9960-000c29c468ed
[],[],[],2e7d86b8-9ea5-11e8-9960-000c29c468ed
[],[],[],2e7d86b9-9ea5-11e8-9960-000c29c468ed
[],[],[],3150acd0-9ea5-11e8-9960-000c29c468ed
[],[],[],32d13430-9ea5-11e8-9960-000c29c468ed
[],[],[],33d2894c-9ea5-11e8-9960-000c29c468ed
[],[],[],35dd8e12-9ea5-11e8-9960-000c29c468ed
[],[],[],3789b498-9ea5-11e8-9960-000c29c468ed
[],[],[],393250b6-9ea5-11e8-9960-000c29c468ed
[],[],[],3a6d6268-9ea5-11e8-9960-000c29c468ed
[],[],[],3bb09f14-9ea5-11e8-9960-000c29c468ed
[],[],[],3bb09f15-9ea5-11e8-9960-000c29c468ed
[],[],[],3e316836-9ea5-11e8-9960-000c29c468ed
[],[],[],3fc851d2-9ea5-11e8-9960-000c29c468ed
[],[],[],40fb8ff6-9ea5-11e8-9960-000c29c468ed
[],[],[],428c5ddc-9ea5-11e8-9960-000c29c468ed
[],[],[],44234174-9ea5-11e8-9960-000c29c468ed
[],[],[],45b22992-9ea5-11e8-9960-000c29c468ed
[],[],[],4755382a-9ea5-11e8-9960-000c29c468ed
[],[],[],49005204-9ea5-11e8-9960-000c29c468ed
[],[],[],4a8bbac8-9ea5-11e8-9960-000c29c468ed
[],[],[],4bfab594-9ea5-11e8-9960-000c29c468ed
[],[],[],4da51d80-9ea5-11e8-9960-000c29c468ed
[],[],[],4ebad818-9ea5-11e8-9960-000c29c468ed
[],[],[],50830422-9ea5-11e8-9960-000c29c468ed
[],[],[],51cfe8b8-9ea5-11e8-9960-000c29c468ed
[],[],[],5392fe10-9ea5-11e8-9960-000c29c468ed
[],[],[],554ea7b8-9ea5-11e8-9960-000c29c468ed
[],[],[],56dc1b42-9ea5-11e8-9960-000c29c468ed
[],[],[],585667d4-9ea5-11e8-9960-000c29c468ed
[],[],[],5980e72e-9ea5-11e8-9960-000c29c468ed
[],[],[],5aee13c0-9ea5-11e8-9960-000c29c468ed
[],[],[],5c384da4-9ea5-11e8-9960-000c29c468ed
[],[],[],5d40b510-9ea5-11e8-9960-000c29c468ed
[],[],[],5e982d08-9ea5-11e8-9960-000c29c468ed
[],[],[],6038de1e-9ea5-11e8-9960-000c29c468ed
[],[],[],617abc3e-9ea5-11e8-9960-000c29c468ed
[],[],[],62eff9c6-9ea5-11e8-9960-000c29c468ed
[],[],[],64b30712-9ea5-11e8-9960-000c29c468ed
[],[],[],66915598-9ea5-11e8-9960-000c29c468ed
[],[],[],66915599-9ea5-11e8-9960-000c29c468ed
[],[],[],6917d472-9ea5-11e8-9960-000c29c468ed
[],[],[],6a4615e8-9ea5-11e8-9960-000c29c468ed
[],[],[],6bf30266-9ea5-11e8-9960-000c29c468ed
[],[],[],6daa03de-9ea5-11e8-9960-000c29c468ed
[],[],[],6f817c28-9ea5-11e8-9960-000c29c468ed
[],[],[],71082344-9ea5-11e8-9960-000c29c468ed
[],[],[],7224ee24-9ea5-11e8-9960-000c29c468ed
[],[],[],73c227d8-9ea5-11e8-9960-000c29c468ed
[],[],[],755dd970-9ea5-11e8-9960-000c29c468ed
[],[],[],770e5060-9ea5-11e8-9960-000c29c468ed
[],[],[],78aba33c-9ea5-11e8-9960-000c29c468ed
[],[],[],7a142c76-9ea5-11e8-9960-000c29c468ed
[],[],[],7baffb5a-9ea5-11e8-9960-000c29c468ed
[],[],[],7d2d3f38-9ea5-11e8-9960-000c29c468ed
[],[],[],7efbc992-9ea5-11e8-9960-000c29c468ed
[],[],[],80b103e2-9ea5-11e8-9960-000c29c468ed
[],[],[],8239e6d4-9ea5-11e8-9960-000c29c468ed
[],[],[],83aa22e0-9ea5-11e8-9960-000c29c468ed
[],[],[],85ef2d8e-9ea5-11e8-9960-000c29c468ed
[],[],[],8783498c-9ea5-11e8-9960-000c29c468ed
[],[],[],888fb5cc-9ea5-11e8-9960-000c29c468ed
[],[],[],8a3b570a-9ea5-11e8-9960-000c29c468ed
[],[],[],8bb29a76-9ea5-11e8-9960-000c29c468ed
[],[],[],8cde0f3e-9ea5-11e8-9960-000c29c468ed
[],[],[],8ea49626-9ea5-11e8-9960-000c29c468ed
[],[],[],90aeb3a2-9ea5-11e8-9960-000c29c468ed
[],[],[],91b1a44e-9ea5-11e8-9960-000c29c468ed
[],[],[],92e8af7e-9ea5-11e8-9960-000c29c468ed
[],[],[],9421c70e-9ea5-11e8-9960-000c29c468ed
[],[],[],952881c4-9ea5-11e8-9960-000c29c468ed
[],[],[],96a59d7a-9ea5-11e8-9960-000c29c468ed
[],[],[],9848f028-9ea5-11e8-9960-000c29c468ed
[],[],[],9a0c5e40-9ea5-11e8-9960-000c29c468ed
[],[],[],9b4067de-9ea5-11e8-9960-000c29c468ed
[],[],[],9ce0ec26-9ea5-11e8-9960-000c29c468ed
[],[],[],9e3f5b66-9ea5-11e8-9960-000c29c468ed
[],[],[],9f7c3698-9ea5-11e8-9960-000c29c468ed
[],[],[],a120a09c-9ea5-11e8-9960-000c29c468ed
[],[],[],a2885cc2-9ea5-11e8-9960-000c29c468ed
[],[],[],a43fcf6e-9ea5-11e8-9960-000c29c468ed
[],[],[],a60c7dd8-9ea5-11e8-9960-000c29c468ed
[],[],[],a7b3783a-9ea5-11e8-9960-000c29c468ed
[],[],[],a9310d26-9ea5-11e8-9960-000c29c468ed
[],[],[],aae61940-9ea5-11e8-9960-000c29c468ed
[],[],[],ac321ba0-9ea5-11e8-9960-000c29c468ed
[],[],[],ad7be2e8-9ea5-11e8-9960-000c29c468ed
[],[],[],aea23d16-9ea5-11e8-9960-000c29c468ed
[],[],[],b039781a-9ea5-11e8-9960-000c29c468ed
[],[],[],b1e36004-9ea5-11e8-9960-000c29c468ed
[],[],[],b31dbd98-9ea5-11e8-9960-000c29c468ed
[],[],[],b48a6960-9ea5-11e8-9960-000c29c468ed
[],[],[],b639a96a-9ea5-11e8-9960-000c29c468ed
[],[],[],b782902a-9ea5-11e8-9960-000c29c468ed
[],[],[],b956af08-9ea5-11e8-9960-000c29c468ed
[],[],[],bad5c7ba-9ea5-11e8-9960-000c29c468ed
[],[],[],bc1fe452-9ea5-11e8-9960-000c29c468ed
[],[],[],c292ae50-9ea5-11e8-9960-000c29c468ed
[],[],[],c5987c42-9ea5-11e8-9960-000c29c468ed
[],[],[],c5987c43-9ea5-11e8-9960-000c29c468ed
[],[],[],c6f517a8-9ea5-11e8-9960-000c29c468ed
[],[],[],c910c71c-9ea5-11e8-9960-000c29c468ed
[],[],[],c910c71d-9ea5-11e8-9960-000c29c468ed
[],[],[],c910c71e-9ea5-11e8-9960-000c29c468ed
[],[],[],c910c71f-9ea5-11e8-9960-000c29c468ed
[],[],[],caacfb7c-9ea5-11e8-9960-000c29c468ed
[],[],[],caacfb7d-9ea5-11e8-9960-000c29c468ed
[],[],[],cc43ecac-9ea5-11e8-9960-000c29c468ed
[],[],[],cd169260-9ea5-11e8-9960-000c29c468ed
[],[],[],cee01c2e-9ea5-11e8-9960-000c29c468ed
[],[],[],d0a344d2-9ea5-11e8-9960-000c29c468ed
[],[],[],d20f56c6-9ea5-11e8-9960-000c29c468ed
[],[],[],d3a03ec4-9ea5-11e8-9960-000c29c468ed
[],[],[],d4d19d24-9ea5-11e8-9960-000c29c468ed
[],[],[],d62f581e-9ea5-11e8-9960-000c29c468ed
[],[],[],d7c40878-9ea5-11e8-9960-000c29c468ed
[],[],[],d9f10916-9ea5-11e8-9960-000c29c468ed
[],[],[],dace4420-9ea5-11e8-9960-000c29c468ed
[],[],[],dc9d8cc0-9ea5-11e8-9960-000c29c468ed
[],[],[],de1facfe-9ea5-11e8-9960-000c29c468ed
[],[],[],dfc88742-9ea5-11e8-9960-000c29c468ed
[],[],[],e124cf10-9ea5-11e8-9960-000c29c468ed
[],[],[],e124cf11-9ea5-11e8-9960-000c29c468ed
[],[],[],e347d1fc-9ea5-11e8-9960-000c29c468ed
[],[],[],e4da0f6c-9ea5-11e8-9960-000c29c468ed
[],[],[],e67c475e-9ea5-11e8-9960-000c29c468ed
[],[],[],e87275ba-9ea5-11e8-9960-000c29c468ed
[],[],[],e9d836f6-9ea5-11e8-9960-000c29c468ed
[],[],[],eb7978b2-9ea5-11e8-9960-000c29c468ed
[],[],[],ed2a5c9e-9ea5-11e8-9960-000c29c468ed
[],[],[],eef9771c-9ea5-11e8-9960-000c29c468ed
[],[],[],f08007cc-9ea5-11e8-9960-000c29c468ed
[],[],[],f2134b08-9ea5-11e8-9960-000c29c468ed
[],[],[],f3b7d2bc-9ea5-11e8-9960-000c29c468ed
[],[],[],f5353422-9ea5-11e8-9960-000c29c468ed
[],[],[],f68fde6c-9ea5-11e8-9960-000c29c468ed
[],[],[],f7e93538-9ea5-11e8-9960-000c29c468ed
[],[],[],f920346a-9ea5-11e8-9960-000c29c468ed
[],[],[],faa3d670-9ea5-11e8-9960-000c29c468ed
[],[],[],fbec0e3a-9ea5-11e8-9960-000c29c468ed
[],[],[],fdb35f84-9ea5-11e8-9960-000c29c468ed
[],[],[],ff71f646-9ea5-11e8-9960-000c29c468ed
[],[],[],008599b6-9ea6-11e8-9960-000c29c468ed
[],[],[],019c3c74-9ea6-11e8-9960-000c29c468ed
[],[],[],03637e50-9ea6-11e8-9960-000c29c468ed
[],[],[],051030c2-9ea6-11e8-9960-000c29c468ed
[],[],[],067edf08-9ea6-11e8-9960-000c29c468ed
[],[],[],0801d1b4-9ea6-11e8-9960-000c29c468ed
[],[],[],09434148-9ea6-11e8-9960-000c29c468ed
[],[],[],0af17dc0-9ea6-11e8-9960-000c29c468ed
[],[],[],0c7a2408-9ea6-11e8-9960-000c29c468ed
[],[],[],0e474a04-9ea6-11e8-9960-000c29c468ed
[],[],[],0fc9fa5c-9ea6-11e8-9960-000c29c468ed
[],[],[],118b10e2-9ea6-11e8-9960-000c29c468ed
[],[],[],132dbf80-9ea6-11e8-9960-000c29c468ed
[],[],[],14e7eb16-9ea6-11e8-9960-000c29c468ed
[],[],[],15b4db62-9ea6-11e8-9960-000c29c468ed
[],[],[],173bfd76-9ea6-11e8-9960-000c29c468ed
[],[],[],18adccca-9ea6-11e8-9960-000c29c468ed
[],[],[],1a0e0422-9ea6-11e8-9960-000c29c468ed
[],[],[],1bbf4b00-9ea6-11e8-9960-000c29c468ed
[],[],[],1d61f1ec-9ea6-11e8-9960-000c29c468ed
[],[],[],1edc0d3c-9ea6-11e8-9960-000c29c468ed
[],[],[],202ce792-9ea6-11e8-9960-000c29c468ed
[],[],[],21db65e6-9ea6-11e8-9960-000c29c468ed
[],[],[],231df23e-9ea6-11e8-9960-000c29c468ed
[],[],[],24633faa-9ea6-11e8-9960-000c29c468ed
[],[],[],261c9f62-9ea6-11e8-9960-000c29c468ed
[],[],[],27a8d4c2-9ea6-11e8-9960-000c29c468ed
[],[],[],291a5f38-9ea6-11e8-9960-000c29c468ed
[],[],[],2a2b21fa-9ea6-11e8-9960-000c29c468ed
[],[],[],2bf2487e-9ea6-11e8-9960-000c29c468ed
[],[],[],2d8ab91e-9ea6-11e8-9960-000c29c468ed
[],[],[],2f3f0f08-9ea6-11e8-9960-000c29c468ed
[],[],[],30f299fa-9ea6-11e8-9960-000c29c468ed
[],[],[],324fb652-9ea6-11e8-9960-000c29c468ed
[],[],[],338773c0-9ea6-11e8-9960-000c29c468ed
[],[],[],3515dd94-9ea6-11e8-9960-000c29c468ed
[],[],[],365b911c-9ea6-11e8-9960-000c29c468ed
[],[],[],365b911d-9ea6-11e8-9960-000c29c468ed
[],[],[],3815612c-9ea6-11e8-9960-000c29c468ed
[],[],[],39e6ede0-9ea6-11e8-9960-000c29c468ed
[],[],[],3b847474-9ea6-11e8-9960-000c29c468ed
[],[],[],3b847475-9ea6-11e8-9960-000c29c468ed
[],[],[],3da11780-9ea6-11e8-9960-000c29c468ed
[],[],[],3f6342be-9ea6-11e8-9960-000c29c468ed
[],[],[],4056b782-9ea6-11e8-9960-000c29c468ed
[],[],[],41de1c80-9ea6-11e8-9960-000c29c468ed
[],[],[],4321c178-9ea6-11e8-9960-000c29c468ed
[],[],[],44efc0d6-9ea6-11e8-9960-000c29c468ed
[],[],[],465ec7e6-9ea6-11e8-9960-000c29c468ed
[],[],[],47d3d3fa-9ea6-11e8-9960-000c29c468ed
[],[],[],49472278-9ea6-11e8-9960-000c29c468ed
[],[],[],4a45825a-9ea6-11e8-9960-000c29c468ed
[],[],[],4b95af72-9ea6-11e8-9960-000c29c468ed
[],[],[],4ce24ea8-9ea6-11e8-9960-000c29c468ed
[],[],[],4dc7c1ea-9ea6-11e8-9960-000c29c468ed
[],[],[],4f3b033e-9ea6-11e8-9960-000c29c468ed
[],[],[],508a163a-9ea6-11e8-9960-000c29c468ed
[],[],[],51928c88-9ea6-11e8-9960-000c29c468ed
[],[],[],52fccc32-9ea6-11e8-9960-000c29c468ed
[],[],[],54ba8dac-9ea6-11e8-9960-000c29c468ed
[],[],[],56284300-9ea6-11e8-9960-000c29c468ed
[],[],[],57accaca-9ea6-11e8-9960-000c29c468ed
[],[],[],591dcad0-9ea6-11e8-9960-000c29c468ed
[],[],[],5adf3ea8-9ea6-11e8-9960-000c29c468ed
[],[],[],5adf3ea9-9ea6-11e8-9960-000c29c468ed
[],[],[],5cdc506a-9ea6-11e8-9960-000c29c468ed
[],[],[],5e414b9a-9ea6-11e8-9960-000c29c468ed
[],[],[],5fd143e8-9ea6-11e8-9960-000c29c468ed
[],[],[],6103e9fa-9ea6-11e8-9960-000c29c468ed
[],[],[],62a7ba52-9ea6-11e8-9960-000c29c468ed
[],[],[],62a7ba53-9ea6-11e8-9960-000c29c468ed
[],[],[],655506b0-9ea6-11e8-9960-000c29c468ed
[],[],[],6660a686-9ea6-11e8-9960-000c29c468ed
[],[],[],67ace568-9ea6-11e8-9960-000c29c468ed
[],[],[],6a50c9c4-9ea6-11e8-9960-000c29c468ed
[],[],[],6a50c9c5-9ea6-11e8-9960-000c29c468ed
[],[],[],6c77bc08-9ea6-11e8-9960-000c29c468ed
[],[],[],6ddc428a-9ea6-11e8-9960-000c29c468ed
[],[],[],6ee8e430-9ea6-11e8-9960-000c29c468ed
[],[],[],707b855a-9ea6-11e8-9960-000c29c468ed
[],[],[],72233060-9ea6-11e8-9960-000c29c468ed
[],[],[],73c85580-9ea6-11e8-9960-000c29c468ed
[],[],[],755efb9c-9ea6-11e8-9960-000c29c468ed
[],[],[],769b24e0-9ea6-11e8-9960-000c29c468ed
[],[],[],784119c6-9ea6-11e8-9960-000c29c468ed
[],[],[],784119c7-9ea6-11e8-9960-000c29c468ed
[],[],[],7a48444c-9ea6-11e8-9960-000c29c468ed
[],[],[],7bbd804e-9ea6-11e8-9960-000c29c468ed
[],[],[],7d417e98-9ea6-11e8-9960-000c29c468ed
[],[],[],7edf5aa4-9ea6-11e8-9960-000c29c468ed
[],[],[],7fd7f9ca-9ea6-11e8-9960-000c29c468ed
[],[],[],81551094-9ea6-11e8-9960-000c29c468ed
[],[],[],8329a9ac-9ea6-11e8-9960-000c29c468ed
[],[],[],84a08abc-9ea6-11e8-9960-000c29c468ed
[],[],[],85ffde76-9ea6-11e8-9960-000c29c468ed
[],[],[],87de26c6-9ea6-11e8-9960-000c29c468ed
[],[],[],87de26c7-9ea6-11e8-9960-000c29c468ed
[],[],[],8a054cea-9ea6-11e8-9960-000c29c468ed
[],[],[],8b6f24e8-9ea6-11e8-9960-000c29c468ed
[],[],[],8d22b55c-9ea6-11e8-9960-000c29c468ed
[],[],[],8e43a522-9ea6-11e8-9960-000c29c468ed
[],[],[],8fd65f56-9ea6-11e8-9960-000c29c468ed
[],[],[],90c2a712-9ea6-11e8-9960-000c29c468ed
[],[],[],9222c86c-9ea6-11e8-9960-000c29c468ed
[],[],[],9435f78c-9ea6-11e8-9960-000c29c468ed
[],[],[],9435f78d-9ea6-11e8-9960-000c29c468ed
[],[],[],95e658e2-9ea6-11e8-9960-000c29c468ed
[],[],[],97abc900-9ea6-11e8-9960-000c29c468ed
[],[],[],98ccbe2a-9ea6-11e8-9960-000c29c468ed
[],[],[],9a26af56-9ea6-11e8-9960-000c29c468ed
[],[],[],9be8036c-9ea6-11e8-9960-000c29c468ed
[],[],[],9d6d782a-9ea6-11e8-9960-000c29c468ed
[],[],[],9f06125a-9ea6-11e8-9960-000c29c468ed
[],[],[],a05b5782-9ea6-11e8-9960-000c29c468ed
[],[],[],a1f90828-9ea6-11e8-9960-000c29c468ed
[],[],[],a1f90829-9ea6-11e8-9960-000c29c468ed
"['\xa0\xa0\xa0 北京时间1月3日晚间消息，美国工业设备制造商Dover Corp(DOV)宣布，将以4.03亿美元收购Harbison-Fischer Inc，后者是一家石油及天然气生产用杆式提升泵制造商，总部位于得克萨斯州的Crowley。', '\xa0\xa0\xa0 交易完成后，Harbison-Fischer将被并入Dover的Norris Production Solutions部门。', '\xa0\xa0\xa0 Dover表示：“此项收购对Norris Production Solutions以及我们的能源平台均构成极佳的战略契合。”', '\xa0']",['2011-1-4 9:48:21'],['Dover以4.03亿美元收购Harbison-Fischer'],a4826166-9ea6-11e8-9960-000c29c468ed
[],[],[],a615679e-9ea6-11e8-9960-000c29c468ed
[],[],[],a740b1e6-9ea6-11e8-9960-000c29c468ed
[],[],[],a890610e-9ea6-11e8-9960-000c29c468ed
[],[],[],aa5190e4-9ea6-11e8-9960-000c29c468ed
[],[],[],abd7a3b8-9ea6-11e8-9960-000c29c468ed
[],[],[],c65094c0-9ea6-11e8-9960-000c29c468ed
[],[],[],c7f6823a-9ea6-11e8-9960-000c29c468ed
[],[],[],c9c1f32e-9ea6-11e8-9960-000c29c468ed
[],[],[],cb4bc454-9ea6-11e8-9960-000c29c468ed
[],[],[],cca86dde-9ea6-11e8-9960-000c29c468ed
[],[],[],cdddacd2-9ea6-11e8-9960-000c29c468ed
[],[],[],cdddacd3-9ea6-11e8-9960-000c29c468ed
[],[],[],d0442b90-9ea6-11e8-9960-000c29c468ed
[],[],[],d20623ca-9ea6-11e8-9960-000c29c468ed
[],[],[],d3d7d298-9ea6-11e8-9960-000c29c468ed
[],[],[],d58d02c0-9ea6-11e8-9960-000c29c468ed
[],[],[],d6f8183e-9ea6-11e8-9960-000c29c468ed
[],[],[],d8469c38-9ea6-11e8-9960-000c29c468ed
[],[],[],d9cfeb04-9ea6-11e8-9960-000c29c468ed
[],[],[],d9cfeb05-9ea6-11e8-9960-000c29c468ed
[],[],[],dc0af0b2-9ea6-11e8-9960-000c29c468ed
[],[],[],dd166f40-9ea6-11e8-9960-000c29c468ed
[],[],[],de5c4802-9ea6-11e8-9960-000c29c468ed
[],[],[],e019ec76-9ea6-11e8-9960-000c29c468ed
[],[],[],e155db54-9ea6-11e8-9960-000c29c468ed
[],[],[],e288450c-9ea6-11e8-9960-000c29c468ed
[],[],[],e42479d0-9ea6-11e8-9960-000c29c468ed
[],[],[],e576ba82-9ea6-11e8-9960-000c29c468ed
[],[],[],e6946c16-9ea6-11e8-9960-000c29c468ed
[],[],[],e8450f52-9ea6-11e8-9960-000c29c468ed
[],[],[],e9ac5cd8-9ea6-11e8-9960-000c29c468ed
[],[],[],eabd5a00-9ea6-11e8-9960-000c29c468ed
[],[],[],ebf75d58-9ea6-11e8-9960-000c29c468ed
[],[],[],ed37632a-9ea6-11e8-9960-000c29c468ed
[],[],[],eedb5a56-9ea6-11e8-9960-000c29c468ed
[],[],[],f05ec444-9ea6-11e8-9960-000c29c468ed
[],[],[],f1fc1f90-9ea6-11e8-9960-000c29c468ed
[],[],[],f38acff0-9ea6-11e8-9960-000c29c468ed
[],[],[],f5876df4-9ea6-11e8-9960-000c29c468ed
[],[],[],f677aaf8-9ea6-11e8-9960-000c29c468ed
[],[],[],f837614e-9ea6-11e8-9960-000c29c468ed
[],[],[],f9dc2c3c-9ea6-11e8-9960-000c29c468ed
[],[],[],fb20db74-9ea6-11e8-9960-000c29c468ed
[],[],[],fc871e9c-9ea6-11e8-9960-000c29c468ed
[],[],[],fe4c92c0-9ea6-11e8-9960-000c29c468ed
[],[],[],ffb11f82-9ea6-11e8-9960-000c29c468ed
[],[],[],01109bf0-9ea7-11e8-9960-000c29c468ed
[],[],[],01fbdc14-9ea7-11e8-9960-000c29c468ed
[],[],[],0359ed26-9ea7-11e8-9960-000c29c468ed
[],[],[],04d00d5c-9ea7-11e8-9960-000c29c468ed
[],[],[],06814346-9ea7-11e8-9960-000c29c468ed
[],[],[],07c6e1de-9ea7-11e8-9960-000c29c468ed
[],[],[],094f5a90-9ea7-11e8-9960-000c29c468ed
[],[],[],0ad18208-9ea7-11e8-9960-000c29c468ed
[],[],[],0c527678-9ea7-11e8-9960-000c29c468ed
[],[],[],0c527679-9ea7-11e8-9960-000c29c468ed
[],[],[],0e99567c-9ea7-11e8-9960-000c29c468ed
[],[],[],0fae9aae-9ea7-11e8-9960-000c29c468ed
[],[],[],11240f54-9ea7-11e8-9960-000c29c468ed
[],[],[],12a587b8-9ea7-11e8-9960-000c29c468ed
[],[],[],144d6de2-9ea7-11e8-9960-000c29c468ed
[],[],[],15709eb0-9ea7-11e8-9960-000c29c468ed
[],[],[],15709eb1-9ea7-11e8-9960-000c29c468ed
[],[],[],1729775e-9ea7-11e8-9960-000c29c468ed
[],[],[],189ebe28-9ea7-11e8-9960-000c29c468ed
[],[],[],1a293bc4-9ea7-11e8-9960-000c29c468ed
[],[],[],1bf8ecd8-9ea7-11e8-9960-000c29c468ed
[],[],[],1d45e528-9ea7-11e8-9960-000c29c468ed
[],[],[],1e7d818a-9ea7-11e8-9960-000c29c468ed
[],[],[],1fd818ba-9ea7-11e8-9960-000c29c468ed
[],[],[],219029d6-9ea7-11e8-9960-000c29c468ed
[],[],[],22a4d772-9ea7-11e8-9960-000c29c468ed
[],[],[],23f275d0-9ea7-11e8-9960-000c29c468ed
[],[],[],25bcc410-9ea7-11e8-9960-000c29c468ed
[],[],[],270c0ea2-9ea7-11e8-9960-000c29c468ed
[],[],[],28bc55ae-9ea7-11e8-9960-000c29c468ed
[],[],[],29d35ac8-9ea7-11e8-9960-000c29c468ed
[],[],[],2b769ff2-9ea7-11e8-9960-000c29c468ed
[],[],[],2caa7ec0-9ea7-11e8-9960-000c29c468ed
[],[],[],2e5e3824-9ea7-11e8-9960-000c29c468ed
[],[],[],2ffafd8e-9ea7-11e8-9960-000c29c468ed
[],[],[],319ff1bc-9ea7-11e8-9960-000c29c468ed
[],[],[],333650e8-9ea7-11e8-9960-000c29c468ed
[],[],[],347e2df4-9ea7-11e8-9960-000c29c468ed
[],[],[],35e9ad30-9ea7-11e8-9960-000c29c468ed
[],[],[],371c455a-9ea7-11e8-9960-000c29c468ed
[],[],[],38e4e126-9ea7-11e8-9960-000c29c468ed
[],[],[],3a5331fc-9ea7-11e8-9960-000c29c468ed
[],[],[],3c1fa722-9ea7-11e8-9960-000c29c468ed
[],[],[],3d5f5434-9ea7-11e8-9960-000c29c468ed
[],[],[],3f1a4568-9ea7-11e8-9960-000c29c468ed
[],[],[],40d18fb0-9ea7-11e8-9960-000c29c468ed
[],[],[],427c9e0e-9ea7-11e8-9960-000c29c468ed
[],[],[],4402adf4-9ea7-11e8-9960-000c29c468ed
[],[],[],456a4bc0-9ea7-11e8-9960-000c29c468ed
[],[],[],46c80caa-9ea7-11e8-9960-000c29c468ed
[],[],[],483dc570-9ea7-11e8-9960-000c29c468ed
[],[],[],49c33984-9ea7-11e8-9960-000c29c468ed
[],[],[],4b24d12a-9ea7-11e8-9960-000c29c468ed
[],[],[],51b9750e-9ea7-11e8-9960-000c29c468ed
[],[],[],54dd9f26-9ea7-11e8-9960-000c29c468ed
[],[],[],54dd9f27-9ea7-11e8-9960-000c29c468ed
[],[],[],561f3e58-9ea7-11e8-9960-000c29c468ed
[],[],[],585ccc94-9ea7-11e8-9960-000c29c468ed
[],[],[],585ccc95-9ea7-11e8-9960-000c29c468ed
[],[],[],59683a06-9ea7-11e8-9960-000c29c468ed
[],[],[],5b564632-9ea7-11e8-9960-000c29c468ed
[],[],[],5b564633-9ea7-11e8-9960-000c29c468ed
[],[],[],5c61d0b4-9ea7-11e8-9960-000c29c468ed
[],[],[],5c61d0b5-9ea7-11e8-9960-000c29c468ed
[],[],[],5c61d0b6-9ea7-11e8-9960-000c29c468ed
[],[],[],5e09a40a-9ea7-11e8-9960-000c29c468ed
[],[],[],5f30492e-9ea7-11e8-9960-000c29c468ed
[],[],[],609a0976-9ea7-11e8-9960-000c29c468ed
[],[],[],6201306e-9ea7-11e8-9960-000c29c468ed
[],[],[],62f2787a-9ea7-11e8-9960-000c29c468ed
[],[],[],64b66054-9ea7-11e8-9960-000c29c468ed
[],[],[],666941fa-9ea7-11e8-9960-000c29c468ed
[],[],[],678d8ab4-9ea7-11e8-9960-000c29c468ed
[],[],[],692e2a2c-9ea7-11e8-9960-000c29c468ed
[],[],[],6a52536a-9ea7-11e8-9960-000c29c468ed
[],[],[],6c090fbe-9ea7-11e8-9960-000c29c468ed
[],[],[],6db99ba8-9ea7-11e8-9960-000c29c468ed
[],[],[],6ee7c932-9ea7-11e8-9960-000c29c468ed
[],[],[],6ffb9cc2-9ea7-11e8-9960-000c29c468ed
[],[],[],71879938-9ea7-11e8-9960-000c29c468ed
[],[],[],72e9ee0c-9ea7-11e8-9960-000c29c468ed
[],[],[],745ca1bc-9ea7-11e8-9960-000c29c468ed
[],[],[],75587cb2-9ea7-11e8-9960-000c29c468ed
[],[],[],76da9660-9ea7-11e8-9960-000c29c468ed
[],[],[],795f3238-9ea7-11e8-9960-000c29c468ed
[],[],[],7adf8946-9ea7-11e8-9960-000c29c468ed
[],[],[],7adf8947-9ea7-11e8-9960-000c29c468ed
[],[],[],7cc1c67a-9ea7-11e8-9960-000c29c468ed
[],[],[],7dc4c130-9ea7-11e8-9960-000c29c468ed
[],[],[],7dc4c131-9ea7-11e8-9960-000c29c468ed
[],[],[],7fc285bc-9ea7-11e8-9960-000c29c468ed
[],[],[],80cc893a-9ea7-11e8-9960-000c29c468ed
[],[],[],82718ea2-9ea7-11e8-9960-000c29c468ed
[],[],[],83aa8936-9ea7-11e8-9960-000c29c468ed
[],[],[],83aa8937-9ea7-11e8-9960-000c29c468ed
[],[],[],858a432c-9ea7-11e8-9960-000c29c468ed
[],[],[],8da4a5ac-9ea7-11e8-9960-000c29c468ed
[],[],[],92af3a44-9ea7-11e8-9960-000c29c468ed
[],[],[],92af3a45-9ea7-11e8-9960-000c29c468ed
[],[],[],92af3a46-9ea7-11e8-9960-000c29c468ed
[],[],[],92af3a47-9ea7-11e8-9960-000c29c468ed
[],[],[],9fa511ba-9ea7-11e8-9960-000c29c468ed
[],[],[],a3acccbc-9ea7-11e8-9960-000c29c468ed
[],[],[],a6e65218-9ea7-11e8-9960-000c29c468ed
[],[],[],ab862b36-9ea7-11e8-9960-000c29c468ed
[],[],[],ab862b37-9ea7-11e8-9960-000c29c468ed
[],[],[],ab862b38-9ea7-11e8-9960-000c29c468ed
[],[],[],ab862b39-9ea7-11e8-9960-000c29c468ed
[],[],[],ae3c2b64-9ea7-11e8-9960-000c29c468ed
[],[],[],af786a88-9ea7-11e8-9960-000c29c468ed
[],[],[],b2618f04-9ea7-11e8-9960-000c29c468ed
[],[],[],b4262246-9ea7-11e8-9960-000c29c468ed
[],[],[],b4262247-9ea7-11e8-9960-000c29c468ed
[],[],[],b4262248-9ea7-11e8-9960-000c29c468ed
[],[],[],b57921f2-9ea7-11e8-9960-000c29c468ed
[],[],[],b6b5b008-9ea7-11e8-9960-000c29c468ed
[],[],[],b7ef5398-9ea7-11e8-9960-000c29c468ed
[],[],[],b8e6680e-9ea7-11e8-9960-000c29c468ed
[],[],[],ba7a9078-9ea7-11e8-9960-000c29c468ed
[],[],[],ba7a9079-9ea7-11e8-9960-000c29c468ed
[],[],[],bbb27c9e-9ea7-11e8-9960-000c29c468ed
[],[],[],bbb27c9f-9ea7-11e8-9960-000c29c468ed
[],[],[],bd67bf54-9ea7-11e8-9960-000c29c468ed
[],[],[],bd67bf55-9ea7-11e8-9960-000c29c468ed
[],[],[],beb27a3e-9ea7-11e8-9960-000c29c468ed
[],[],[],bff08e86-9ea7-11e8-9960-000c29c468ed
[],[],[],c1d83d70-9ea7-11e8-9960-000c29c468ed
[],[],[],c36437b6-9ea7-11e8-9960-000c29c468ed
[],[],[],c4543626-9ea7-11e8-9960-000c29c468ed
[],[],[],c6111f4c-9ea7-11e8-9960-000c29c468ed
[],[],[],c8ca1cac-9ea7-11e8-9960-000c29c468ed
[],[],[],c8ca1cad-9ea7-11e8-9960-000c29c468ed
[],[],[],ca3ea242-9ea7-11e8-9960-000c29c468ed
[],[],[],cbf8ce00-9ea7-11e8-9960-000c29c468ed
[],[],[],cde10598-9ea7-11e8-9960-000c29c468ed
[],[],[],cefd9a04-9ea7-11e8-9960-000c29c468ed
[],[],[],d33bff7a-9ea7-11e8-9960-000c29c468ed
[],[],[],d33bff7b-9ea7-11e8-9960-000c29c468ed
[],[],[],d4778d64-9ea7-11e8-9960-000c29c468ed
[],[],[],d4778d65-9ea7-11e8-9960-000c29c468ed
[],[],[],d63de8aa-9ea7-11e8-9960-000c29c468ed
[],[],[],d737604c-9ea7-11e8-9960-000c29c468ed
[],[],[],d88457b6-9ea7-11e8-9960-000c29c468ed
[],[],[],da5b9b44-9ea7-11e8-9960-000c29c468ed
[],[],[],da5b9b45-9ea7-11e8-9960-000c29c468ed
[],[],[],dc2553ca-9ea7-11e8-9960-000c29c468ed
[],[],[],dd8d4150-9ea7-11e8-9960-000c29c468ed
[],[],[],deca8064-9ea7-11e8-9960-000c29c468ed
[],[],[],e0b6d5d0-9ea7-11e8-9960-000c29c468ed
[],[],[],e0b6d5d1-9ea7-11e8-9960-000c29c468ed
[],[],[],e33bd4c2-9ea7-11e8-9960-000c29c468ed
[],[],[],e50d7292-9ea7-11e8-9960-000c29c468ed
[],[],[],e608e7a8-9ea7-11e8-9960-000c29c468ed
[],[],[],e797dcaa-9ea7-11e8-9960-000c29c468ed
[],[],[],e939d78e-9ea7-11e8-9960-000c29c468ed
[],[],[],ea46d942-9ea7-11e8-9960-000c29c468ed
[],[],[],ec1096fa-9ea7-11e8-9960-000c29c468ed
[],[],[],ec1096fb-9ea7-11e8-9960-000c29c468ed
[],[],[],eeb6bbfa-9ea7-11e8-9960-000c29c468ed
[],[],[],f052323c-9ea7-11e8-9960-000c29c468ed
[],[],[],f1b8fdae-9ea7-11e8-9960-000c29c468ed
[],[],[],f35d67da-9ea7-11e8-9960-000c29c468ed
[],[],[],f4ebe216-9ea7-11e8-9960-000c29c468ed
[],[],[],f65ac7de-9ea7-11e8-9960-000c29c468ed
[],[],[],f65ac7df-9ea7-11e8-9960-000c29c468ed
[],[],[],f86cf09c-9ea7-11e8-9960-000c29c468ed
[],[],[],f9fab2d2-9ea7-11e8-9960-000c29c468ed
[],[],[],fbb0ec54-9ea7-11e8-9960-000c29c468ed
[],[],[],fd39b95c-9ea7-11e8-9960-000c29c468ed
[],[],[],fec821d2-9ea7-11e8-9960-000c29c468ed
[],[],[],0097cbb6-9ea8-11e8-9960-000c29c468ed
[],[],[],022cf87a-9ea8-11e8-9960-000c29c468ed
[],[],[],0335b590-9ea8-11e8-9960-000c29c468ed
[],[],[],04b002b8-9ea8-11e8-9960-000c29c468ed
[],[],[],065926da-9ea8-11e8-9960-000c29c468ed
[],[],[],07dd716e-9ea8-11e8-9960-000c29c468ed
[],[],[],097ee2dc-9ea8-11e8-9960-000c29c468ed
[],[],[],0ada491e-9ea8-11e8-9960-000c29c468ed
[],[],[],0c88b0ca-9ea8-11e8-9960-000c29c468ed
[],[],[],0e4bd93c-9ea8-11e8-9960-000c29c468ed
[],[],[],0f6d8572-9ea8-11e8-9960-000c29c468ed
[],[],[],11206ace-9ea8-11e8-9960-000c29c468ed
[],[],[],1270e0ca-9ea8-11e8-9960-000c29c468ed
[],[],[],13de21ca-9ea8-11e8-9960-000c29c468ed
[],[],[],156bfde6-9ea8-11e8-9960-000c29c468ed
[],[],[],1714c6b4-9ea8-11e8-9960-000c29c468ed
[],[],[],18dd08da-9ea8-11e8-9960-000c29c468ed
[],[],[],1a394cfc-9ea8-11e8-9960-000c29c468ed
[],[],[],1bd3c5b0-9ea8-11e8-9960-000c29c468ed
[],[],[],1d3c3a90-9ea8-11e8-9960-000c29c468ed
[],[],[],1f1bcace-9ea8-11e8-9960-000c29c468ed
[],[],[],1ff8c618-9ea8-11e8-9960-000c29c468ed
[],[],[],219602f6-9ea8-11e8-9960-000c29c468ed
[],[],[],23056366-9ea8-11e8-9960-000c29c468ed
[],[],[],248d23ea-9ea8-11e8-9960-000c29c468ed
[],[],[],261da342-9ea8-11e8-9960-000c29c468ed
[],[],[],27bd8690-9ea8-11e8-9960-000c29c468ed
[],[],[],28d99ef6-9ea8-11e8-9960-000c29c468ed
[],[],[],28d99ef7-9ea8-11e8-9960-000c29c468ed
[],[],[],2b915d14-9ea8-11e8-9960-000c29c468ed
[],[],[],2cfeaecc-9ea8-11e8-9960-000c29c468ed
[],[],[],2ea8bfce-9ea8-11e8-9960-000c29c468ed
[],[],[],30a1a5b6-9ea8-11e8-9960-000c29c468ed
[],[],[],31c2df82-9ea8-11e8-9960-000c29c468ed
[],[],[],33886f12-9ea8-11e8-9960-000c29c468ed
[],[],[],353ef7b8-9ea8-11e8-9960-000c29c468ed
[],[],[],37080a4e-9ea8-11e8-9960-000c29c468ed
[],[],[],387f8e10-9ea8-11e8-9960-000c29c468ed
[],[],[],3a05673c-9ea8-11e8-9960-000c29c468ed
[],[],[],3bc98f1c-9ea8-11e8-9960-000c29c468ed
[],[],[],3d7c9fca-9ea8-11e8-9960-000c29c468ed
[],[],[],3ef16c0a-9ea8-11e8-9960-000c29c468ed
[],[],[],3ef16c0b-9ea8-11e8-9960-000c29c468ed
[],[],[],416fd66a-9ea8-11e8-9960-000c29c468ed
[],[],[],432c49ac-9ea8-11e8-9960-000c29c468ed
[],[],[],44e86afa-9ea8-11e8-9960-000c29c468ed
[],[],[],44e86afb-9ea8-11e8-9960-000c29c468ed
[],[],[],47273f94-9ea8-11e8-9960-000c29c468ed
[],[],[],48ed994a-9ea8-11e8-9960-000c29c468ed
[],[],[],4a117832-9ea8-11e8-9960-000c29c468ed
[],[],[],4b49777c-9ea8-11e8-9960-000c29c468ed
[],[],[],4cd8c0de-9ea8-11e8-9960-000c29c468ed
[],[],[],4e8cb480-9ea8-11e8-9960-000c29c468ed
[],[],[],50545610-9ea8-11e8-9960-000c29c468ed
[],[],[],518c565e-9ea8-11e8-9960-000c29c468ed
[],[],[],534717d6-9ea8-11e8-9960-000c29c468ed
[],[],[],54fa1b82-9ea8-11e8-9960-000c29c468ed
[],[],[],56628b62-9ea8-11e8-9960-000c29c468ed
[],[],[],57fd8c56-9ea8-11e8-9960-000c29c468ed
[],[],[],59a2d3c2-9ea8-11e8-9960-000c29c468ed
[],[],[],59a2d3c3-9ea8-11e8-9960-000c29c468ed
[],[],[],5c0f1a44-9ea8-11e8-9960-000c29c468ed
[],[],[],5db6bd98-9ea8-11e8-9960-000c29c468ed
[],[],[],5f3d0fbe-9ea8-11e8-9960-000c29c468ed
[],[],[],6050cf6c-9ea8-11e8-9960-000c29c468ed
[],[],[],61f61a8e-9ea8-11e8-9960-000c29c468ed
[],[],[],63796690-9ea8-11e8-9960-000c29c468ed
[],[],[],64d4014e-9ea8-11e8-9960-000c29c468ed
[],[],[],667bd9f4-9ea8-11e8-9960-000c29c468ed
[],[],[],67e49bc8-9ea8-11e8-9960-000c29c468ed
[],[],[],6963686c-9ea8-11e8-9960-000c29c468ed
[],[],[],6ad3e2da-9ea8-11e8-9960-000c29c468ed
[],[],[],6c2cc804-9ea8-11e8-9960-000c29c468ed
[],[],[],6d578b88-9ea8-11e8-9960-000c29c468ed
[],[],[],6ece63c4-9ea8-11e8-9960-000c29c468ed
[],[],[],7030506a-9ea8-11e8-9960-000c29c468ed
[],[],[],71c9f46c-9ea8-11e8-9960-000c29c468ed
[],[],[],72ce6da2-9ea8-11e8-9960-000c29c468ed
[],[],[],743bfc5e-9ea8-11e8-9960-000c29c468ed
[],[],[],753ccfde-9ea8-11e8-9960-000c29c468ed
[],[],[],76c0fd58-9ea8-11e8-9960-000c29c468ed
[],[],[],78530bde-9ea8-11e8-9960-000c29c468ed
[],[],[],7a0d4340-9ea8-11e8-9960-000c29c468ed
[],[],[],7b51562e-9ea8-11e8-9960-000c29c468ed
[],[],[],7d070d06-9ea8-11e8-9960-000c29c468ed
[],[],[],7e256a52-9ea8-11e8-9960-000c29c468ed
[],[],[],7fbafdc8-9ea8-11e8-9960-000c29c468ed
[],[],[],813c1e8e-9ea8-11e8-9960-000c29c468ed
[],[],[],82699b88-9ea8-11e8-9960-000c29c468ed
[],[],[],83bac93a-9ea8-11e8-9960-000c29c468ed
[],[],[],8504c4f8-9ea8-11e8-9960-000c29c468ed
[],[],[],869e023e-9ea8-11e8-9960-000c29c468ed
[],[],[],869e023f-9ea8-11e8-9960-000c29c468ed
[],[],[],887a650c-9ea8-11e8-9960-000c29c468ed
[],[],[],89b20baa-9ea8-11e8-9960-000c29c468ed
[],[],[],8b38cfb8-9ea8-11e8-9960-000c29c468ed
[],[],[],8c7d65aa-9ea8-11e8-9960-000c29c468ed
[],[],[],8e3b2a6c-9ea8-11e8-9960-000c29c468ed
[],[],[],8f96a04e-9ea8-11e8-9960-000c29c468ed
[],[],[],91116e86-9ea8-11e8-9960-000c29c468ed
[],[],[],92416d7e-9ea8-11e8-9960-000c29c468ed
[],[],[],93f9e150-9ea8-11e8-9960-000c29c468ed
[],[],[],959ded76-9ea8-11e8-9960-000c29c468ed
[],[],[],975b1ce2-9ea8-11e8-9960-000c29c468ed
[],[],[],98eb7ef8-9ea8-11e8-9960-000c29c468ed
[],[],[],9a9fba02-9ea8-11e8-9960-000c29c468ed
[],[],[],9bc82626-9ea8-11e8-9960-000c29c468ed
[],[],[],9d8b6b76-9ea8-11e8-9960-000c29c468ed
[],[],[],9f05a2be-9ea8-11e8-9960-000c29c468ed
[],[],[],a0c8937c-9ea8-11e8-9960-000c29c468ed
[],[],[],a23a9638-9ea8-11e8-9960-000c29c468ed
[],[],[],a3d3de5a-9ea8-11e8-9960-000c29c468ed
[],[],[],a549d4ce-9ea8-11e8-9960-000c29c468ed
[],[],[],ac11da40-9ea8-11e8-9960-000c29c468ed
[],[],[],af572480-9ea8-11e8-9960-000c29c468ed
[],[],[],af572481-9ea8-11e8-9960-000c29c468ed
[],[],[],b0cfc8bc-9ea8-11e8-9960-000c29c468ed
[],[],[],b0cfc8bd-9ea8-11e8-9960-000c29c468ed
[],[],[],b0cfc8be-9ea8-11e8-9960-000c29c468ed
[],[],[],b0cfc8bf-9ea8-11e8-9960-000c29c468ed
[],[],[],b30017f4-9ea8-11e8-9960-000c29c468ed
[],[],[],b30017f5-9ea8-11e8-9960-000c29c468ed
[],[],[],b52beeb8-9ea8-11e8-9960-000c29c468ed
[],[],[],b52beeb9-9ea8-11e8-9960-000c29c468ed
[],[],[],b72602ee-9ea8-11e8-9960-000c29c468ed
[],[],[],b803be18-9ea8-11e8-9960-000c29c468ed
[],[],[],b803be19-9ea8-11e8-9960-000c29c468ed
[],[],[],bb1364f0-9ea8-11e8-9960-000c29c468ed
[],[],[],bb1364f1-9ea8-11e8-9960-000c29c468ed
[],[],[],bcd777e0-9ea8-11e8-9960-000c29c468ed
[],[],[],c0676014-9ea8-11e8-9960-000c29c468ed
[],[],[],c0676015-9ea8-11e8-9960-000c29c468ed
[],[],[],c2be0a52-9ea8-11e8-9960-000c29c468ed
[],[],[],c2be0a53-9ea8-11e8-9960-000c29c468ed
[],[],[],c482cb66-9ea8-11e8-9960-000c29c468ed
[],[],[],c60355b4-9ea8-11e8-9960-000c29c468ed
[],[],[],c74d330e-9ea8-11e8-9960-000c29c468ed
[],[],[],c8bf767a-9ea8-11e8-9960-000c29c468ed
[],[],[],cacb0600-9ea8-11e8-9960-000c29c468ed
[],[],[],cc0bffc4-9ea8-11e8-9960-000c29c468ed
[],[],[],cd999e96-9ea8-11e8-9960-000c29c468ed
[],[],[],ceb39c96-9ea8-11e8-9960-000c29c468ed
[],[],[],d075fa38-9ea8-11e8-9960-000c29c468ed
[],[],[],d2307524-9ea8-11e8-9960-000c29c468ed
[],[],[],d2307525-9ea8-11e8-9960-000c29c468ed
[],[],[],d45e2a12-9ea8-11e8-9960-000c29c468ed
[],[],[],d511a89e-9ea8-11e8-9960-000c29c468ed
[],[],[],d6f17504-9ea8-11e8-9960-000c29c468ed
[],[],[],d6f17505-9ea8-11e8-9960-000c29c468ed
[],[],[],d96514f8-9ea8-11e8-9960-000c29c468ed
[],[],[],d96514f9-9ea8-11e8-9960-000c29c468ed
[],[],[],db7a8c00-9ea8-11e8-9960-000c29c468ed
[],[],[],dd076372-9ea8-11e8-9960-000c29c468ed
[],[],[],de9809bc-9ea8-11e8-9960-000c29c468ed
[],[],[],e18713de-9ea8-11e8-9960-000c29c468ed
[],[],[],e18713df-9ea8-11e8-9960-000c29c468ed
[],[],[],e2cd36e2-9ea8-11e8-9960-000c29c468ed
[],[],[],e45a5990-9ea8-11e8-9960-000c29c468ed
[],[],[],e6035c88-9ea8-11e8-9960-000c29c468ed
[],[],[],e70e7428-9ea8-11e8-9960-000c29c468ed
[],[],[],e8cbbfd2-9ea8-11e8-9960-000c29c468ed
[],[],[],ea7a837c-9ea8-11e8-9960-000c29c468ed
[],[],[],ec304166-9ea8-11e8-9960-000c29c468ed
[],[],[],ed863908-9ea8-11e8-9960-000c29c468ed
[],[],[],eef03ac8-9ea8-11e8-9960-000c29c468ed
[],[],[],f0288350-9ea8-11e8-9960-000c29c468ed
[],[],[],f1c7b91a-9ea8-11e8-9960-000c29c468ed
[],[],[],f363acd4-9ea8-11e8-9960-000c29c468ed
[],[],[],f436c3b2-9ea8-11e8-9960-000c29c468ed
[],[],[],f5dc390e-9ea8-11e8-9960-000c29c468ed
[],[],[],f7654b62-9ea8-11e8-9960-000c29c468ed
[],[],[],f8ef6f26-9ea8-11e8-9960-000c29c468ed
[],[],[],fa9e1606-9ea8-11e8-9960-000c29c468ed
[],[],[],fa9e1607-9ea8-11e8-9960-000c29c468ed
[],[],[],fd275e5a-9ea8-11e8-9960-000c29c468ed
[],[],[],fe9a626e-9ea8-11e8-9960-000c29c468ed
[],[],[],00408b84-9ea9-11e8-9960-000c29c468ed
[],[],[],02d823ca-9ea9-11e8-9960-000c29c468ed
[],[],[],04610be4-9ea9-11e8-9960-000c29c468ed
[],[],[],04610be5-9ea9-11e8-9960-000c29c468ed
[],[],[],061c01aa-9ea9-11e8-9960-000c29c468ed
[],[],[],087d7f1e-9ea9-11e8-9960-000c29c468ed
[],[],[],087d7f1f-9ea9-11e8-9960-000c29c468ed
[],[],[],0aa14e42-9ea9-11e8-9960-000c29c468ed
[],[],[],0c43f74a-9ea9-11e8-9960-000c29c468ed
[],[],[],0dfc79e0-9ea9-11e8-9960-000c29c468ed
[],[],[],0f0c7146-9ea9-11e8-9960-000c29c468ed
[],[],[],108c75b6-9ea9-11e8-9960-000c29c468ed
[],[],[],120b2e0a-9ea9-11e8-9960-000c29c468ed
[],[],[],157e6cf0-9ea9-11e8-9960-000c29c468ed
[],[],[],157e6cf1-9ea9-11e8-9960-000c29c468ed
[],[],[],157e6cf2-9ea9-11e8-9960-000c29c468ed
[],[],[],171aa3b2-9ea9-11e8-9960-000c29c468ed
[],[],[],18b0c63e-9ea9-11e8-9960-000c29c468ed
[],[],[],199ea4a8-9ea9-11e8-9960-000c29c468ed
[],[],[],1b3c8118-9ea9-11e8-9960-000c29c468ed
[],[],[],1cc13e20-9ea9-11e8-9960-000c29c468ed
[],[],[],1cc13e21-9ea9-11e8-9960-000c29c468ed
[],[],[],1f057e58-9ea9-11e8-9960-000c29c468ed
[],[],[],205e6288-9ea9-11e8-9960-000c29c468ed
[],[],[],219032b2-9ea9-11e8-9960-000c29c468ed
[],[],[],23237be8-9ea9-11e8-9960-000c29c468ed
[],[],[],23237be9-9ea9-11e8-9960-000c29c468ed
[],[],[],25b6899a-9ea9-11e8-9960-000c29c468ed
[],[],[],2723f54c-9ea9-11e8-9960-000c29c468ed
[],[],[],27e534b4-9ea9-11e8-9960-000c29c468ed
[],[],[],29887e20-9ea9-11e8-9960-000c29c468ed
[],[],[],2b1011a4-9ea9-11e8-9960-000c29c468ed
[],[],[],2c4a1394-9ea9-11e8-9960-000c29c468ed
[],[],[],2d885dba-9ea9-11e8-9960-000c29c468ed
[],[],[],2f189b86-9ea9-11e8-9960-000c29c468ed
[],[],[],2f189b87-9ea9-11e8-9960-000c29c468ed
[],[],[],318182d4-9ea9-11e8-9960-000c29c468ed
[],[],[],331617c2-9ea9-11e8-9960-000c29c468ed
[],[],[],4f262bb4-9ea9-11e8-9960-000c29c468ed
[],[],[],4f262bb5-9ea9-11e8-9960-000c29c468ed
[],[],[],5097cbce-9ea9-11e8-9960-000c29c468ed
[],[],[],53df01a8-9ea9-11e8-9960-000c29c468ed
[],[],[],53df01a9-9ea9-11e8-9960-000c29c468ed
[],[],[],5909e094-9ea9-11e8-9960-000c29c468ed
[],[],[],5e772e4c-9ea9-11e8-9960-000c29c468ed
[],[],[],5e772e4d-9ea9-11e8-9960-000c29c468ed
[],[],[],62a98f8c-9ea9-11e8-9960-000c29c468ed
[],[],[],63c25be2-9ea9-11e8-9960-000c29c468ed
[],[],[],66edd33c-9ea9-11e8-9960-000c29c468ed
[],[],[],66edd33d-9ea9-11e8-9960-000c29c468ed
[],[],[],6868602e-9ea9-11e8-9960-000c29c468ed
[],[],[],6daf5222-9ea9-11e8-9960-000c29c468ed
[],[],[],71c4a2ae-9ea9-11e8-9960-000c29c468ed
[],[],[],71c4a2af-9ea9-11e8-9960-000c29c468ed
[],[],[],7764696a-9ea9-11e8-9960-000c29c468ed
[],[],[],7764696b-9ea9-11e8-9960-000c29c468ed
[],[],[],78dea080-9ea9-11e8-9960-000c29c468ed
[],[],[],78dea081-9ea9-11e8-9960-000c29c468ed
[],[],[],78dea082-9ea9-11e8-9960-000c29c468ed
[],[],[],7a92620e-9ea9-11e8-9960-000c29c468ed
[],[],[],7a92620f-9ea9-11e8-9960-000c29c468ed
[],[],[],7c6e9bce-9ea9-11e8-9960-000c29c468ed
[],[],[],7ef5dce0-9ea9-11e8-9960-000c29c468ed
[],[],[],7ef5dce1-9ea9-11e8-9960-000c29c468ed
[],[],[],80b7a3f6-9ea9-11e8-9960-000c29c468ed
[],[],[],8251db82-9ea9-11e8-9960-000c29c468ed
[],[],[],8517f23e-9ea9-11e8-9960-000c29c468ed
[],[],[],8517f23f-9ea9-11e8-9960-000c29c468ed
[],[],[],8517f240-9ea9-11e8-9960-000c29c468ed
[],[],[],863ec4d0-9ea9-11e8-9960-000c29c468ed
[],[],[],863ec4d1-9ea9-11e8-9960-000c29c468ed
[],[],[],88813d90-9ea9-11e8-9960-000c29c468ed
[],[],[],88813d91-9ea9-11e8-9960-000c29c468ed
[],[],[],89f9cfc0-9ea9-11e8-9960-000c29c468ed
[],[],[],89f9cfc1-9ea9-11e8-9960-000c29c468ed
[],[],[],8befc384-9ea9-11e8-9960-000c29c468ed
[],[],[],8da566e8-9ea9-11e8-9960-000c29c468ed
[],[],[],8ee61034-9ea9-11e8-9960-000c29c468ed
[],[],[],8ee61035-9ea9-11e8-9960-000c29c468ed
[],[],[],91e016ea-9ea9-11e8-9960-000c29c468ed
[],[],[],92eb65c6-9ea9-11e8-9960-000c29c468ed
[],[],[],946dc20e-9ea9-11e8-9960-000c29c468ed
[],[],[],946dc20f-9ea9-11e8-9960-000c29c468ed
[],[],[],96a6e8e8-9ea9-11e8-9960-000c29c468ed
[],[],[],988d39b4-9ea9-11e8-9960-000c29c468ed
[],[],[],988d39b5-9ea9-11e8-9960-000c29c468ed
[],[],[],9ad4b54e-9ea9-11e8-9960-000c29c468ed
[],[],[],9cb6be3e-9ea9-11e8-9960-000c29c468ed
[],[],[],9e036382-9ea9-11e8-9960-000c29c468ed
[],[],[],9e036383-9ea9-11e8-9960-000c29c468ed
[],[],[],a00b1d28-9ea9-11e8-9960-000c29c468ed
[],[],[],a1f3d1a2-9ea9-11e8-9960-000c29c468ed
[],[],[],a3b4ed46-9ea9-11e8-9960-000c29c468ed
[],[],[],a4baa4f6-9ea9-11e8-9960-000c29c468ed
[],[],[],a5bbfbb6-9ea9-11e8-9960-000c29c468ed
[],[],[],a75f09b8-9ea9-11e8-9960-000c29c468ed
[],[],[],a8840c08-9ea9-11e8-9960-000c29c468ed
[],[],[],a94528b6-9ea9-11e8-9960-000c29c468ed
[],[],[],aa73925e-9ea9-11e8-9960-000c29c468ed
[],[],[],abcd59f0-9ea9-11e8-9960-000c29c468ed
[],[],[],adac8854-9ea9-11e8-9960-000c29c468ed
[],[],[],af2870ee-9ea9-11e8-9960-000c29c468ed
[],[],[],b0d04728-9ea9-11e8-9960-000c29c468ed
[],[],[],b1cbced6-9ea9-11e8-9960-000c29c468ed
[],[],[],b39e9aea-9ea9-11e8-9960-000c29c468ed
[],[],[],b4f9d40e-9ea9-11e8-9960-000c29c468ed
[],[],[],b6255592-9ea9-11e8-9960-000c29c468ed
[],[],[],b7d4bca2-9ea9-11e8-9960-000c29c468ed
[],[],[],b9106bb6-9ea9-11e8-9960-000c29c468ed
[],[],[],bab5ce70-9ea9-11e8-9960-000c29c468ed
[],[],[],bc4b87d4-9ea9-11e8-9960-000c29c468ed
[],[],[],bd866b14-9ea9-11e8-9960-000c29c468ed
[],[],[],bd866b15-9ea9-11e8-9960-000c29c468ed
[],[],[],c01e0080-9ea9-11e8-9960-000c29c468ed
[],[],[],c1c76700-9ea9-11e8-9960-000c29c468ed
[],[],[],c34829c0-9ea9-11e8-9960-000c29c468ed
[],[],[],c4d2c1d8-9ea9-11e8-9960-000c29c468ed
[],[],[],c6968644-9ea9-11e8-9960-000c29c468ed
[],[],[],c7a44c7e-9ea9-11e8-9960-000c29c468ed
[],[],[],c9643baa-9ea9-11e8-9960-000c29c468ed
[],[],[],cac0f7e0-9ea9-11e8-9960-000c29c468ed
[],[],[],cc7212b8-9ea9-11e8-9960-000c29c468ed
[],[],[],ce149118-9ea9-11e8-9960-000c29c468ed
[],[],[],cfa287a6-9ea9-11e8-9960-000c29c468ed
[],[],[],d0c36a60-9ea9-11e8-9960-000c29c468ed
[],[],[],d2f79720-9ea9-11e8-9960-000c29c468ed
[],[],[],d2f79721-9ea9-11e8-9960-000c29c468ed
[],[],[],d49c0566-9ea9-11e8-9960-000c29c468ed
[],[],[],d622a3ae-9ea9-11e8-9960-000c29c468ed
[],[],[],d7a7fd1e-9ea9-11e8-9960-000c29c468ed
[],[],[],d96c2788-9ea9-11e8-9960-000c29c468ed
[],[],[],db2f1d78-9ea9-11e8-9960-000c29c468ed
[],[],[],dc147db4-9ea9-11e8-9960-000c29c468ed
[],[],[],dd4681fa-9ea9-11e8-9960-000c29c468ed
[],[],[],dd4681fb-9ea9-11e8-9960-000c29c468ed
[],[],[],dfdbb534-9ea9-11e8-9960-000c29c468ed
[],[],[],e16dfc5e-9ea9-11e8-9960-000c29c468ed
[],[],[],e2c4f27e-9ea9-11e8-9960-000c29c468ed
[],[],[],e44799e4-9ea9-11e8-9960-000c29c468ed
[],[],[],e618ebce-9ea9-11e8-9960-000c29c468ed
[],[],[],e76707ea-9ea9-11e8-9960-000c29c468ed
[],[],[],e8c05fe2-9ea9-11e8-9960-000c29c468ed
[],[],[],ea6662ba-9ea9-11e8-9960-000c29c468ed
[],[],[],ea6662bb-9ea9-11e8-9960-000c29c468ed
[],[],[],ec725406-9ea9-11e8-9960-000c29c468ed
[],[],[],ee0551d8-9ea9-11e8-9960-000c29c468ed
[],[],[],efac9d02-9ea9-11e8-9960-000c29c468ed
[],[],[],f1828db2-9ea9-11e8-9960-000c29c468ed
[],[],[],f306f254-9ea9-11e8-9960-000c29c468ed
[],[],[],f49cb784-9ea9-11e8-9960-000c29c468ed
[],[],[],f65d3ff8-9ea9-11e8-9960-000c29c468ed
[],[],[],f85ee89c-9ea9-11e8-9960-000c29c468ed
[],[],[],f988659a-9ea9-11e8-9960-000c29c468ed
[],[],[],fb518d34-9ea9-11e8-9960-000c29c468ed
[],[],[],fcbf9c88-9ea9-11e8-9960-000c29c468ed
[],[],[],fe568142-9ea9-11e8-9960-000c29c468ed
[],[],[],00144276-9eaa-11e8-9960-000c29c468ed
[],[],[],01136d96-9eaa-11e8-9960-000c29c468ed
[],[],[],0282ff8e-9eaa-11e8-9960-000c29c468ed
[],[],[],044c42e4-9eaa-11e8-9960-000c29c468ed
[],[],[],05a38e18-9eaa-11e8-9960-000c29c468ed
[],[],[],0701b320-9eaa-11e8-9960-000c29c468ed
[],[],[],089f8ae0-9eaa-11e8-9960-000c29c468ed
[],[],[],0a6c5182-9eaa-11e8-9960-000c29c468ed
[],[],[],0c2868bc-9eaa-11e8-9960-000c29c468ed
[],[],[],0de4f562-9eaa-11e8-9960-000c29c468ed
[],[],[],0f6d4b96-9eaa-11e8-9960-000c29c468ed
[],[],[],1100b34e-9eaa-11e8-9960-000c29c468ed
[],[],[],12af2676-9eaa-11e8-9960-000c29c468ed
[],[],[],1469b7ba-9eaa-11e8-9960-000c29c468ed
[],[],[],16318f1e-9eaa-11e8-9960-000c29c468ed
[],[],[],1798c3ae-9eaa-11e8-9960-000c29c468ed
[],[],[],1924650c-9eaa-11e8-9960-000c29c468ed
[],[],[],1ab1f2c2-9eaa-11e8-9960-000c29c468ed
[],[],[],1c68145c-9eaa-11e8-9960-000c29c468ed
[],[],[],1e24c18c-9eaa-11e8-9960-000c29c468ed
[],[],[],1e24c18d-9eaa-11e8-9960-000c29c468ed
[],[],[],20e3e830-9eaa-11e8-9960-000c29c468ed
[],[],[],21ce9aec-9eaa-11e8-9960-000c29c468ed
[],[],[],2397eeb4-9eaa-11e8-9960-000c29c468ed
[],[],[],25444ad2-9eaa-11e8-9960-000c29c468ed
[],[],[],271e3e62-9eaa-11e8-9960-000c29c468ed
[],[],[],289de2ec-9eaa-11e8-9960-000c29c468ed
[],[],[],29db2c14-9eaa-11e8-9960-000c29c468ed
[],[],[],2add188e-9eaa-11e8-9960-000c29c468ed
[],[],[],2c7bdf86-9eaa-11e8-9960-000c29c468ed
[],[],[],2dd78920-9eaa-11e8-9960-000c29c468ed
[],[],[],2f4a1110-9eaa-11e8-9960-000c29c468ed
[],[],[],30fb190a-9eaa-11e8-9960-000c29c468ed
[],[],[],32b17e88-9eaa-11e8-9960-000c29c468ed
[],[],[],33c910b0-9eaa-11e8-9960-000c29c468ed
[],[],[],34d1f59e-9eaa-11e8-9960-000c29c468ed
[],[],[],36913782-9eaa-11e8-9960-000c29c468ed
[],[],[],3842ecc4-9eaa-11e8-9960-000c29c468ed
[],[],[],39e9b648-9eaa-11e8-9960-000c29c468ed
[],[],[],3b05625c-9eaa-11e8-9960-000c29c468ed
[],[],[],3c7d08e2-9eaa-11e8-9960-000c29c468ed
[],[],[],3e282028-9eaa-11e8-9960-000c29c468ed
[],[],[],3fa89c70-9eaa-11e8-9960-000c29c468ed
[],[],[],4120b89e-9eaa-11e8-9960-000c29c468ed
[],[],[],42da32aa-9eaa-11e8-9960-000c29c468ed
[],[],[],449443c4-9eaa-11e8-9960-000c29c468ed
[],[],[],45ffa168-9eaa-11e8-9960-000c29c468ed
[],[],[],47a3cbe8-9eaa-11e8-9960-000c29c468ed
[],[],[],495e7b36-9eaa-11e8-9960-000c29c468ed
[],[],[],4add174c-9eaa-11e8-9960-000c29c468ed
[],[],[],4c55eeaa-9eaa-11e8-9960-000c29c468ed
[],[],[],4d52d098-9eaa-11e8-9960-000c29c468ed
[],[],[],4e8d4718-9eaa-11e8-9960-000c29c468ed
[],[],[],501665e2-9eaa-11e8-9960-000c29c468ed
[],[],[],51bac29e-9eaa-11e8-9960-000c29c468ed
[],[],[],533d6270-9eaa-11e8-9960-000c29c468ed
[],[],[],54b38756-9eaa-11e8-9960-000c29c468ed
[],[],[],563d4efe-9eaa-11e8-9960-000c29c468ed
[],[],[],57fc258a-9eaa-11e8-9960-000c29c468ed
[],[],[],57fc258b-9eaa-11e8-9960-000c29c468ed
[],[],[],59d15b82-9eaa-11e8-9960-000c29c468ed
[],[],[],5b38d716-9eaa-11e8-9960-000c29c468ed
[],[],[],5c9476ec-9eaa-11e8-9960-000c29c468ed
[],[],[],5e188cc4-9eaa-11e8-9960-000c29c468ed
[],[],[],5f22a32a-9eaa-11e8-9960-000c29c468ed
[],[],[],606a58b8-9eaa-11e8-9960-000c29c468ed
[],[],[],619bf82c-9eaa-11e8-9960-000c29c468ed
[],[],[],63384294-9eaa-11e8-9960-000c29c468ed
[],[],[],648b5582-9eaa-11e8-9960-000c29c468ed
[],[],[],6605f336-9eaa-11e8-9960-000c29c468ed
[],[],[],6731b948-9eaa-11e8-9960-000c29c468ed
[],[],[],68c4f4aa-9eaa-11e8-9960-000c29c468ed
[],[],[],6a590734-9eaa-11e8-9960-000c29c468ed
[],[],[],6a590735-9eaa-11e8-9960-000c29c468ed
[],[],[],6c4ebe58-9eaa-11e8-9960-000c29c468ed
[],[],[],6e020e4e-9eaa-11e8-9960-000c29c468ed
[],[],[],6fa4a50e-9eaa-11e8-9960-000c29c468ed
[],[],[],70b55f2e-9eaa-11e8-9960-000c29c468ed
[],[],[],727fc6d2-9eaa-11e8-9960-000c29c468ed
[],[],[],74408a92-9eaa-11e8-9960-000c29c468ed
[],[],[],75b942d8-9eaa-11e8-9960-000c29c468ed
[],[],[],77432d94-9eaa-11e8-9960-000c29c468ed
[],[],[],77432d95-9eaa-11e8-9960-000c29c468ed
[],[],[],7945bb84-9eaa-11e8-9960-000c29c468ed
[],[],[],7945bb85-9eaa-11e8-9960-000c29c468ed
[],[],[],7b3478cc-9eaa-11e8-9960-000c29c468ed
[],[],[],7ce7640e-9eaa-11e8-9960-000c29c468ed
[],[],[],7ce7640f-9eaa-11e8-9960-000c29c468ed
[],[],[],7eccf07c-9eaa-11e8-9960-000c29c468ed
[],[],[],8051f488-9eaa-11e8-9960-000c29c468ed
[],[],[],81f68f88-9eaa-11e8-9960-000c29c468ed
[],[],[],81f68f89-9eaa-11e8-9960-000c29c468ed
[],[],[],8399b69e-9eaa-11e8-9960-000c29c468ed
[],[],[],8563486e-9eaa-11e8-9960-000c29c468ed
[],[],[],871dee20-9eaa-11e8-9960-000c29c468ed
[],[],[],88d08494-9eaa-11e8-9960-000c29c468ed
[],[],[],88d08495-9eaa-11e8-9960-000c29c468ed
[],[],[],8b450f42-9eaa-11e8-9960-000c29c468ed
[],[],[],8c8bddae-9eaa-11e8-9960-000c29c468ed
[],[],[],8e1aefa2-9eaa-11e8-9960-000c29c468ed
[],[],[],8fa177f6-9eaa-11e8-9960-000c29c468ed
[],[],[],915f7638-9eaa-11e8-9960-000c29c468ed
[],[],[],92e8c766-9eaa-11e8-9960-000c29c468ed
[],[],[],949f5412-9eaa-11e8-9960-000c29c468ed
[],[],[],95a3616e-9eaa-11e8-9960-000c29c468ed
[],[],[],973fb59a-9eaa-11e8-9960-000c29c468ed
[],[],[],98b918b2-9eaa-11e8-9960-000c29c468ed
[],[],[],9a019d70-9eaa-11e8-9960-000c29c468ed
[],[],[],9b9bf1b2-9eaa-11e8-9960-000c29c468ed
[],[],[],9d0cc756-9eaa-11e8-9960-000c29c468ed
[],[],[],9ebe01fa-9eaa-11e8-9960-000c29c468ed
[],[],[],9fc215c8-9eaa-11e8-9960-000c29c468ed
[],[],[],a174705a-9eaa-11e8-9960-000c29c468ed
[],[],[],a29ec98a-9eaa-11e8-9960-000c29c468ed
[],[],[],a44eb25e-9eaa-11e8-9960-000c29c468ed
[],[],[],a5cf5ed0-9eaa-11e8-9960-000c29c468ed
[],[],[],a77a5190-9eaa-11e8-9960-000c29c468ed
[],[],[],a94729ee-9eaa-11e8-9960-000c29c468ed
[],[],[],ab01d108-9eaa-11e8-9960-000c29c468ed
[],[],[],acaa1aec-9eaa-11e8-9960-000c29c468ed
[],[],[],adfeab60-9eaa-11e8-9960-000c29c468ed
[],[],[],af12fd8a-9eaa-11e8-9960-000c29c468ed
[],[],[],b052403e-9eaa-11e8-9960-000c29c468ed
[],[],[],b18621dc-9eaa-11e8-9960-000c29c468ed
[],[],[],b3241e22-9eaa-11e8-9960-000c29c468ed
[],[],[],b4b97e1c-9eaa-11e8-9960-000c29c468ed
[],[],[],b6697dac-9eaa-11e8-9960-000c29c468ed
[],[],[],b768e080-9eaa-11e8-9960-000c29c468ed
[],[],[],b8cb6286-9eaa-11e8-9960-000c29c468ed
[],[],[],ba71495c-9eaa-11e8-9960-000c29c468ed
[],[],[],bbb1915a-9eaa-11e8-9960-000c29c468ed
[],[],[],bd31e3cc-9eaa-11e8-9960-000c29c468ed
[],[],[],bee1a996-9eaa-11e8-9960-000c29c468ed
[],[],[],c091e148-9eaa-11e8-9960-000c29c468ed
[],[],[],c244f1b0-9eaa-11e8-9960-000c29c468ed
[],[],[],c3200994-9eaa-11e8-9960-000c29c468ed
[],[],[],c3200995-9eaa-11e8-9960-000c29c468ed
[],[],[],c5d15a94-9eaa-11e8-9960-000c29c468ed
[],[],[],c74c2fa2-9eaa-11e8-9960-000c29c468ed
[],[],[],c8f17696-9eaa-11e8-9960-000c29c468ed
[],[],[],cab296cc-9eaa-11e8-9960-000c29c468ed
[],[],[],cc46baae-9eaa-11e8-9960-000c29c468ed
[],[],[],cd64aae0-9eaa-11e8-9960-000c29c468ed
[],[],[],cee54bd6-9eaa-11e8-9960-000c29c468ed
[],[],[],d032539e-9eaa-11e8-9960-000c29c468ed
[],[],[],d1e623fa-9eaa-11e8-9960-000c29c468ed
[],[],[],d3a8410a-9eaa-11e8-9960-000c29c468ed
[],[],[],d51d730c-9eaa-11e8-9960-000c29c468ed
[],[],[],d6bc6236-9eaa-11e8-9960-000c29c468ed
[],[],[],d87712b0-9eaa-11e8-9960-000c29c468ed
[],[],[],da8af33c-9eaa-11e8-9960-000c29c468ed
[],[],[],da8af33d-9eaa-11e8-9960-000c29c468ed
[],[],[],dc77418c-9eaa-11e8-9960-000c29c468ed
[],[],[],de35c8a4-9eaa-11e8-9960-000c29c468ed
[],[],[],dfb64bfe-9eaa-11e8-9960-000c29c468ed
[],[],[],e15f7250-9eaa-11e8-9960-000c29c468ed
[],[],[],e30ae986-9eaa-11e8-9960-000c29c468ed
[],[],[],e4c3ede0-9eaa-11e8-9960-000c29c468ed
[],[],[],e69354b2-9eaa-11e8-9960-000c29c468ed
[],[],[],e7e862bc-9eaa-11e8-9960-000c29c468ed
[],[],[],e926c2b8-9eaa-11e8-9960-000c29c468ed
[],[],[],ea749384-9eaa-11e8-9960-000c29c468ed
[],[],[],ebfd9246-9eaa-11e8-9960-000c29c468ed
[],[],[],ed80bdc8-9eaa-11e8-9960-000c29c468ed
[],[],[],ef321fc2-9eaa-11e8-9960-000c29c468ed
[],[],[],f04e28a6-9eaa-11e8-9960-000c29c468ed
[],[],[],f13af5a0-9eaa-11e8-9960-000c29c468ed
[],[],[],f309674a-9eaa-11e8-9960-000c29c468ed
[],[],[],f46cef6c-9eaa-11e8-9960-000c29c468ed
[],[],[],f5770622-9eaa-11e8-9960-000c29c468ed
[],[],[],f6fa283a-9eaa-11e8-9960-000c29c468ed
[],[],[],f8994630-9eaa-11e8-9960-000c29c468ed
[],[],[],fa3c9c08-9eaa-11e8-9960-000c29c468ed
[],[],[],fbf3ac8a-9eaa-11e8-9960-000c29c468ed
[],[],[],fd65b3c4-9eaa-11e8-9960-000c29c468ed
[],[],[],febea410-9eaa-11e8-9960-000c29c468ed
[],[],[],febea411-9eaa-11e8-9960-000c29c468ed
[],[],[],01283298-9eab-11e8-9960-000c29c468ed
[],[],[],02e38fe2-9eab-11e8-9960-000c29c468ed
[],[],[],0480fc36-9eab-11e8-9960-000c29c468ed
[],[],[],06442692-9eab-11e8-9960-000c29c468ed
[],[],[],07da6c46-9eab-11e8-9960-000c29c468ed
[],[],[],0942c3f8-9eab-11e8-9960-000c29c468ed
[],[],[],0ab45cba-9eab-11e8-9960-000c29c468ed
[],[],[],0c59f2dc-9eab-11e8-9960-000c29c468ed
[],[],[],0d7d7940-9eab-11e8-9960-000c29c468ed
[],[],[],0f047f2a-9eab-11e8-9960-000c29c468ed
[],[],[],10b037c4-9eab-11e8-9960-000c29c468ed
[],[],[],11e7c120-9eab-11e8-9960-000c29c468ed
[],[],[],1329cb28-9eab-11e8-9960-000c29c468ed
[],[],[],1329cb29-9eab-11e8-9960-000c29c468ed
[],[],[],150ac280-9eab-11e8-9960-000c29c468ed
[],[],[],16a734e8-9eab-11e8-9960-000c29c468ed
[],[],[],183bae10-9eab-11e8-9960-000c29c468ed
[],[],[],19f13d4c-9eab-11e8-9960-000c29c468ed
[],[],[],1af95f30-9eab-11e8-9960-000c29c468ed
[],[],[],1ca7b318-9eab-11e8-9960-000c29c468ed
[],[],[],1e6c13b0-9eab-11e8-9960-000c29c468ed
[],[],[],1fedab86-9eab-11e8-9960-000c29c468ed
[],[],[],20e535ae-9eab-11e8-9960-000c29c468ed
[],[],[],2290e09c-9eab-11e8-9960-000c29c468ed
[],[],[],2290e09d-9eab-11e8-9960-000c29c468ed
[],[],[],255b023a-9eab-11e8-9960-000c29c468ed
[],[],[],271512be-9eab-11e8-9960-000c29c468ed
[],[],[],28451d8c-9eab-11e8-9960-000c29c468ed
[],[],[],29770738-9eab-11e8-9960-000c29c468ed
[],[],[],2b22bad2-9eab-11e8-9960-000c29c468ed
[],[],[],2ca06f6c-9eab-11e8-9960-000c29c468ed
[],[],[],2ca06f6d-9eab-11e8-9960-000c29c468ed
[],[],[],2f0a6dac-9eab-11e8-9960-000c29c468ed
[],[],[],30bc631c-9eab-11e8-9960-000c29c468ed
[],[],[],32491e00-9eab-11e8-9960-000c29c468ed
[],[],[],33945ca2-9eab-11e8-9960-000c29c468ed
[],[],[],35591762-9eab-11e8-9960-000c29c468ed
[],[],[],365cf8b8-9eab-11e8-9960-000c29c468ed
[],[],[],38100f92-9eab-11e8-9960-000c29c468ed
[],[],[],3954f606-9eab-11e8-9960-000c29c468ed
[],[],[],3bba5210-9eab-11e8-9960-000c29c468ed
[],[],[],3bba5211-9eab-11e8-9960-000c29c468ed
[],[],[],3dbf9246-9eab-11e8-9960-000c29c468ed
[],[],[],3f8a51f6-9eab-11e8-9960-000c29c468ed
[],[],[],40dd446e-9eab-11e8-9960-000c29c468ed
[],[],[],429f876c-9eab-11e8-9960-000c29c468ed
[],[],[],44176178-9eab-11e8-9960-000c29c468ed
[],[],[],44176179-9eab-11e8-9960-000c29c468ed
[],[],[],46c2b526-9eab-11e8-9960-000c29c468ed
[],[],[],4d99f030-9eab-11e8-9960-000c29c468ed
[],[],[],4fb55da0-9eab-11e8-9960-000c29c468ed
[],[],[],4fb55da1-9eab-11e8-9960-000c29c468ed
[],[],[],4fb55da2-9eab-11e8-9960-000c29c468ed
[],[],[],514be36e-9eab-11e8-9960-000c29c468ed
[],[],[],514be36f-9eab-11e8-9960-000c29c468ed
[],[],[],514be370-9eab-11e8-9960-000c29c468ed
[],[],[],53e98b12-9eab-11e8-9960-000c29c468ed
[],[],[],54d6a046-9eab-11e8-9960-000c29c468ed
[],[],[],54d6a047-9eab-11e8-9960-000c29c468ed
[],[],[],56a6b028-9eab-11e8-9960-000c29c468ed
[],[],[],58549eb2-9eab-11e8-9960-000c29c468ed
[],[],[],5a1dc61a-9eab-11e8-9960-000c29c468ed
[],[],[],5b93c54e-9eab-11e8-9960-000c29c468ed
[],[],[],5d0971d0-9eab-11e8-9960-000c29c468ed
[],[],[],5e748da2-9eab-11e8-9960-000c29c468ed
[],[],[],5fda0bea-9eab-11e8-9960-000c29c468ed
[],[],[],61581b1a-9eab-11e8-9960-000c29c468ed
[],[],[],62eecb0e-9eab-11e8-9960-000c29c468ed
[],[],[],62eecb0f-9eab-11e8-9960-000c29c468ed
[],[],[],6522fbe8-9eab-11e8-9960-000c29c468ed
[],[],[],66a691be-9eab-11e8-9960-000c29c468ed
[],[],[],6856f79c-9eab-11e8-9960-000c29c468ed
[],[],[],6a120ee6-9eab-11e8-9960-000c29c468ed
[],[],[],6b530c56-9eab-11e8-9960-000c29c468ed
[],[],[],6cdaf188-9eab-11e8-9960-000c29c468ed
[],[],[],6e8d9620-9eab-11e8-9960-000c29c468ed
[],[],[],700b09a6-9eab-11e8-9960-000c29c468ed
[],[],[],714d4266-9eab-11e8-9960-000c29c468ed
[],[],[],72654afe-9eab-11e8-9960-000c29c468ed
[],[],[],742b10e4-9eab-11e8-9960-000c29c468ed
[],[],[],7584ae32-9eab-11e8-9960-000c29c468ed
[],[],[],775534f2-9eab-11e8-9960-000c29c468ed
[],[],[],775534f3-9eab-11e8-9960-000c29c468ed
[],[],[],79c6a1da-9eab-11e8-9960-000c29c468ed
[],[],[],7b84704c-9eab-11e8-9960-000c29c468ed
[],[],[],7c9de468-9eab-11e8-9960-000c29c468ed
[],[],[],7e95feae-9eab-11e8-9960-000c29c468ed
[],[],[],7e95feaf-9eab-11e8-9960-000c29c468ed
[],[],[],80c745f2-9eab-11e8-9960-000c29c468ed
[],[],[],8209c75a-9eab-11e8-9960-000c29c468ed
[],[],[],8367124c-9eab-11e8-9960-000c29c468ed
[],[],[],854df008-9eab-11e8-9960-000c29c468ed
[],[],[],86810474-9eab-11e8-9960-000c29c468ed
[],[],[],87adeeac-9eab-11e8-9960-000c29c468ed
[],[],[],891bd9c0-9eab-11e8-9960-000c29c468ed
[],[],[],8aad661e-9eab-11e8-9960-000c29c468ed
[],[],[],8c65a048-9eab-11e8-9960-000c29c468ed
[],[],[],8d566b86-9eab-11e8-9960-000c29c468ed
[],[],[],8d566b87-9eab-11e8-9960-000c29c468ed
[],[],[],90210b82-9eab-11e8-9960-000c29c468ed
[],[],[],91e0ca48-9eab-11e8-9960-000c29c468ed
[],[],[],9354785c-9eab-11e8-9960-000c29c468ed
[],[],[],94649286-9eab-11e8-9960-000c29c468ed
[],[],[],95e6d286-9eab-11e8-9960-000c29c468ed
[],[],[],977fece0-9eab-11e8-9960-000c29c468ed
[],[],[],9927c64e-9eab-11e8-9960-000c29c468ed
[],[],[],9927c64f-9eab-11e8-9960-000c29c468ed
[],[],[],9b8d0c1e-9eab-11e8-9960-000c29c468ed
[],[],[],9d1006f4-9eab-11e8-9960-000c29c468ed
[],[],[],9e9b0212-9eab-11e8-9960-000c29c468ed
[],[],[],9fc8a518-9eab-11e8-9960-000c29c468ed
[],[],[],a14811b2-9eab-11e8-9960-000c29c468ed
[],[],[],a2448c6c-9eab-11e8-9960-000c29c468ed
[],[],[],a3f25cf6-9eab-11e8-9960-000c29c468ed
[],[],[],a5a1cb72-9eab-11e8-9960-000c29c468ed
[],[],[],a6de4a2e-9eab-11e8-9960-000c29c468ed
[],[],[],a8a4da1c-9eab-11e8-9960-000c29c468ed
[],[],[],aa7e3f54-9eab-11e8-9960-000c29c468ed
[],[],[],ac4e323a-9eab-11e8-9960-000c29c468ed
[],[],[],adcb3fea-9eab-11e8-9960-000c29c468ed
[],[],[],aecf8180-9eab-11e8-9960-000c29c468ed
[],[],[],b02000be-9eab-11e8-9960-000c29c468ed
[],[],[],b11f182e-9eab-11e8-9960-000c29c468ed
[],[],[],b27e586a-9eab-11e8-9960-000c29c468ed
[],[],[],b41d9730-9eab-11e8-9960-000c29c468ed
[],[],[],b5b40a7a-9eab-11e8-9960-000c29c468ed
[],[],[],b72b3810-9eab-11e8-9960-000c29c468ed
[],[],[],b8f0eca8-9eab-11e8-9960-000c29c468ed
[],[],[],ba076aea-9eab-11e8-9960-000c29c468ed
[],[],[],d43dcbde-9eab-11e8-9960-000c29c468ed
[],[],[],d5be8d5e-9eab-11e8-9960-000c29c468ed
[],[],[],d73de5ee-9eab-11e8-9960-000c29c468ed
[],[],[],d8d1e9d2-9eab-11e8-9960-000c29c468ed
[],[],[],da317694-9eab-11e8-9960-000c29c468ed
[],[],[],dbf8c040-9eab-11e8-9960-000c29c468ed
[],[],[],ddc6b56c-9eab-11e8-9960-000c29c468ed
[],[],[],df54e4da-9eab-11e8-9960-000c29c468ed
[],[],[],e1660c0e-9eab-11e8-9960-000c29c468ed
[],[],[],e1660c0f-9eab-11e8-9960-000c29c468ed
[],[],[],e377a516-9eab-11e8-9960-000c29c468ed
[],[],[],e4cd712a-9eab-11e8-9960-000c29c468ed
[],[],[],e64de598-9eab-11e8-9960-000c29c468ed
[],[],[],e7f91656-9eab-11e8-9960-000c29c468ed
[],[],[],e9befba4-9eab-11e8-9960-000c29c468ed
[],[],[],eb0734ae-9eab-11e8-9960-000c29c468ed
[],[],[],ecbff010-9eab-11e8-9960-000c29c468ed
[],[],[],ee2d89d0-9eab-11e8-9960-000c29c468ed
[],[],[],efc5ef12-9eab-11e8-9960-000c29c468ed
[],[],[],f1822e42-9eab-11e8-9960-000c29c468ed
[],[],[],f2fe1c2c-9eab-11e8-9960-000c29c468ed
[],[],[],f4127e82-9eab-11e8-9960-000c29c468ed
[],[],[],f5bc77f6-9eab-11e8-9960-000c29c468ed
[],[],[],f742f014-9eab-11e8-9960-000c29c468ed
[],[],[],f871fe44-9eab-11e8-9960-000c29c468ed
[],[],[],f968696e-9eab-11e8-9960-000c29c468ed
[],[],[],faccc322-9eab-11e8-9960-000c29c468ed
[],[],[],fbe9241c-9eab-11e8-9960-000c29c468ed
[],[],[],fd647ab2-9eab-11e8-9960-000c29c468ed
[],[],[],fe9da26e-9eab-11e8-9960-000c29c468ed
[],[],[],0025dc1e-9eac-11e8-9960-000c29c468ed
[],[],[],01cf1058-9eac-11e8-9960-000c29c468ed
[],[],[],02bc5b06-9eac-11e8-9960-000c29c468ed
[],[],[],04837a78-9eac-11e8-9960-000c29c468ed
[],[],[],04837a79-9eac-11e8-9960-000c29c468ed
[],[],[],06700d06-9eac-11e8-9960-000c29c468ed
[],[],[],07c234f4-9eac-11e8-9960-000c29c468ed
[],[],[],09016e0c-9eac-11e8-9960-000c29c468ed
[],[],[],0accd46a-9eac-11e8-9960-000c29c468ed
[],[],[],0c617cf4-9eac-11e8-9960-000c29c468ed
[],[],[],0d7ca99c-9eac-11e8-9960-000c29c468ed
[],[],[],0d7ca99d-9eac-11e8-9960-000c29c468ed
[],[],[],101e3b48-9eac-11e8-9960-000c29c468ed
[],[],[],114e64b6-9eac-11e8-9960-000c29c468ed
[],[],[],13a96b20-9eac-11e8-9960-000c29c468ed
[],[],[],13a96b21-9eac-11e8-9960-000c29c468ed
[],[],[],15fb2724-9eac-11e8-9960-000c29c468ed
[],[],[],17a53a24-9eac-11e8-9960-000c29c468ed
[],[],[],196cbdf0-9eac-11e8-9960-000c29c468ed
[],[],[],1af08c60-9eac-11e8-9960-000c29c468ed
[],[],[],1ca51bc0-9eac-11e8-9960-000c29c468ed
[],[],[],1dada4c4-9eac-11e8-9960-000c29c468ed
[],[],[],1f29134c-9eac-11e8-9960-000c29c468ed
[],[],[],204246cc-9eac-11e8-9960-000c29c468ed
[],[],[],215c4b84-9eac-11e8-9960-000c29c468ed
[],[],[],22bfa3cc-9eac-11e8-9960-000c29c468ed
[],[],[],2471189a-9eac-11e8-9960-000c29c468ed
[],[],[],262de726-9eac-11e8-9960-000c29c468ed
[],[],[],279d515a-9eac-11e8-9960-000c29c468ed
[],[],[],2969716c-9eac-11e8-9960-000c29c468ed
[],[],[],2aac1232-9eac-11e8-9960-000c29c468ed
[],[],[],2be523fa-9eac-11e8-9960-000c29c468ed
[],[],[],2d93dfd4-9eac-11e8-9960-000c29c468ed
[],[],[],2f0976da-9eac-11e8-9960-000c29c468ed
[],[],[],30635cb2-9eac-11e8-9960-000c29c468ed
[],[],[],320ee59a-9eac-11e8-9960-000c29c468ed
[],[],[],33c81456-9eac-11e8-9960-000c29c468ed
[],[],[],3542d08c-9eac-11e8-9960-000c29c468ed
[],[],[],36b52e4c-9eac-11e8-9960-000c29c468ed
[],[],[],37b82f42-9eac-11e8-9960-000c29c468ed
[],[],[],3982326e-9eac-11e8-9960-000c29c468ed
[],[],[],3b24b6aa-9eac-11e8-9960-000c29c468ed
[],[],[],3c7b2624-9eac-11e8-9960-000c29c468ed
[],[],[],3e333e02-9eac-11e8-9960-000c29c468ed
[],[],[],3f4eb8de-9eac-11e8-9960-000c29c468ed
[],[],[],413f6d14-9eac-11e8-9960-000c29c468ed
[],[],[],426f94d4-9eac-11e8-9960-000c29c468ed
[],[],[],43f2602a-9eac-11e8-9960-000c29c468ed
[],[],[],44eb958c-9eac-11e8-9960-000c29c468ed
[],[],[],461daa8a-9eac-11e8-9960-000c29c468ed
[],[],[],461daa8b-9eac-11e8-9960-000c29c468ed
[],[],[],48777cca-9eac-11e8-9960-000c29c468ed
[],[],[],4a428ac2-9eac-11e8-9960-000c29c468ed
[],[],[],4bbc1b5c-9eac-11e8-9960-000c29c468ed
[],[],[],4c8849ac-9eac-11e8-9960-000c29c468ed
[],[],[],4de144de-9eac-11e8-9960-000c29c468ed
[],[],[],4f8c1b06-9eac-11e8-9960-000c29c468ed
[],[],[],516754a4-9eac-11e8-9960-000c29c468ed
[],[],[],52b11b60-9eac-11e8-9960-000c29c468ed
[],[],[],54586ec8-9eac-11e8-9960-000c29c468ed
[],[],[],561f64a0-9eac-11e8-9960-000c29c468ed
[],[],[],57c5ee96-9eac-11e8-9960-000c29c468ed
[],[],[],58d7a18a-9eac-11e8-9960-000c29c468ed
[],[],[],5c0b77b4-9eac-11e8-9960-000c29c468ed
[],[],[],5c0b77b5-9eac-11e8-9960-000c29c468ed
[],[],[],5dd5aaa6-9eac-11e8-9960-000c29c468ed
[],[],[],5f8c0552-9eac-11e8-9960-000c29c468ed
[],[],[],608b05fc-9eac-11e8-9960-000c29c468ed
[],[],[],62400ef6-9eac-11e8-9960-000c29c468ed
[],[],[],64202ff8-9eac-11e8-9960-000c29c468ed
[],[],[],658634e6-9eac-11e8-9960-000c29c468ed
[],[],[],67213b3e-9eac-11e8-9960-000c29c468ed
[],[],[],688c7196-9eac-11e8-9960-000c29c468ed
[],[],[],6a3e953c-9eac-11e8-9960-000c29c468ed
[],[],[],6b3f2e56-9eac-11e8-9960-000c29c468ed
[],[],[],6c780892-9eac-11e8-9960-000c29c468ed
[],[],[],6e167c24-9eac-11e8-9960-000c29c468ed
[],[],[],6f50d76a-9eac-11e8-9960-000c29c468ed
[],[],[],705088c2-9eac-11e8-9960-000c29c468ed
[],[],[],705088c3-9eac-11e8-9960-000c29c468ed
[],[],[],730c7b98-9eac-11e8-9960-000c29c468ed
[],[],[],74db3266-9eac-11e8-9960-000c29c468ed
[],[],[],76433644-9eac-11e8-9960-000c29c468ed
[],[],[],77c0d558-9eac-11e8-9960-000c29c468ed
[],[],[],78d25368-9eac-11e8-9960-000c29c468ed
[],[],[],7a85d1d0-9eac-11e8-9960-000c29c468ed
[],[],[],7bf67cae-9eac-11e8-9960-000c29c468ed
[],[],[],7d68599a-9eac-11e8-9960-000c29c468ed
[],[],[],7f0cca42-9eac-11e8-9960-000c29c468ed
[],[],[],808245f0-9eac-11e8-9960-000c29c468ed
[],[],[],82209682-9eac-11e8-9960-000c29c468ed
[],[],[],83c7b0e2-9eac-11e8-9960-000c29c468ed
[],[],[],85098502-9eac-11e8-9960-000c29c468ed
[],[],[],86bb2752-9eac-11e8-9960-000c29c468ed
[],[],[],88d2b10e-9eac-11e8-9960-000c29c468ed
[],[],[],88d2b10f-9eac-11e8-9960-000c29c468ed
[],[],[],8b36af40-9eac-11e8-9960-000c29c468ed
[],[],[],8ce732f6-9eac-11e8-9960-000c29c468ed
[],[],[],8e8e29fc-9eac-11e8-9960-000c29c468ed
[],[],[],8fac778a-9eac-11e8-9960-000c29c468ed
[],[],[],9160de2c-9eac-11e8-9960-000c29c468ed
[],[],[],9292da48-9eac-11e8-9960-000c29c468ed
[],[],[],93cd1770-9eac-11e8-9960-000c29c468ed
[],[],[],953dd374-9eac-11e8-9960-000c29c468ed
[],[],[],968e8c8c-9eac-11e8-9960-000c29c468ed
[],[],[],97a144ac-9eac-11e8-9960-000c29c468ed
[],[],[],9904eef2-9eac-11e8-9960-000c29c468ed
[],[],[],9aac4692-9eac-11e8-9960-000c29c468ed
[],[],[],9c5877b8-9eac-11e8-9960-000c29c468ed
[],[],[],9db63992-9eac-11e8-9960-000c29c468ed
[],[],[],9f3b460e-9eac-11e8-9960-000c29c468ed
[],[],[],a0e0716e-9eac-11e8-9960-000c29c468ed
[],[],[],a20385fe-9eac-11e8-9960-000c29c468ed
[],[],[],a3a4b7d4-9eac-11e8-9960-000c29c468ed
[],[],[],a3a4b7d5-9eac-11e8-9960-000c29c468ed
[],[],[],a63862de-9eac-11e8-9960-000c29c468ed
[],[],[],a7e21c6a-9eac-11e8-9960-000c29c468ed
[],[],[],a7e21c6b-9eac-11e8-9960-000c29c468ed
[],[],[],aa1d0666-9eac-11e8-9960-000c29c468ed
[],[],[],aba49d14-9eac-11e8-9960-000c29c468ed
[],[],[],ad2e9982-9eac-11e8-9960-000c29c468ed
[],[],[],ae717b5c-9eac-11e8-9960-000c29c468ed
[],[],[],afe5a36e-9eac-11e8-9960-000c29c468ed
[],[],[],b1a2cbf0-9eac-11e8-9960-000c29c468ed
[],[],[],b3586630-9eac-11e8-9960-000c29c468ed
[],[],[],b57384c2-9eac-11e8-9960-000c29c468ed
[],[],[],b57384c3-9eac-11e8-9960-000c29c468ed
[],[],[],b78fca7c-9eac-11e8-9960-000c29c468ed
[],[],[],b923fb6a-9eac-11e8-9960-000c29c468ed
[],[],[],b923fb6b-9eac-11e8-9960-000c29c468ed
[],[],[],bbb671b4-9eac-11e8-9960-000c29c468ed
[],[],[],bdebe69e-9eac-11e8-9960-000c29c468ed
[],[],[],bf24c77e-9eac-11e8-9960-000c29c468ed
[],[],[],c05114a4-9eac-11e8-9960-000c29c468ed
[],[],[],c1d5b578-9eac-11e8-9960-000c29c468ed
[],[],[],c3373842-9eac-11e8-9960-000c29c468ed
[],[],[],c3373843-9eac-11e8-9960-000c29c468ed
[],[],[],c538b40e-9eac-11e8-9960-000c29c468ed
[],[],[],c6dab730-9eac-11e8-9960-000c29c468ed
[],[],[],c8d0cc50-9eac-11e8-9960-000c29c468ed
[],[],[],ca3bbe42-9eac-11e8-9960-000c29c468ed
[],[],[],cbb0440a-9eac-11e8-9960-000c29c468ed
[],[],[],cbb0440b-9eac-11e8-9960-000c29c468ed
[],[],[],ce9186f2-9eac-11e8-9960-000c29c468ed
[],[],[],ce9186f3-9eac-11e8-9960-000c29c468ed
[],[],[],cfbfaec8-9eac-11e8-9960-000c29c468ed
[],[],[],d12ee26a-9eac-11e8-9960-000c29c468ed
[],[],[],d2aee482-9eac-11e8-9960-000c29c468ed
[],[],[],d2aee483-9eac-11e8-9960-000c29c468ed
[],[],[],d46ab6b6-9eac-11e8-9960-000c29c468ed
[],[],[],d6a41ec2-9eac-11e8-9960-000c29c468ed
[],[],[],d78451ea-9eac-11e8-9960-000c29c468ed
[],[],[],d9110a44-9eac-11e8-9960-000c29c468ed
[],[],[],da971624-9eac-11e8-9960-000c29c468ed
[],[],[],dbfbf4b2-9eac-11e8-9960-000c29c468ed
[],[],[],dd355616-9eac-11e8-9960-000c29c468ed
[],[],[],de846dcc-9eac-11e8-9960-000c29c468ed
[],[],[],e030b644-9eac-11e8-9960-000c29c468ed
[],[],[],e1719de8-9eac-11e8-9960-000c29c468ed
[],[],[],e35f0636-9eac-11e8-9960-000c29c468ed
[],[],[],e4f139d8-9eac-11e8-9960-000c29c468ed
[],[],[],e6bc0626-9eac-11e8-9960-000c29c468ed
[],[],[],e8d2e9fc-9eac-11e8-9960-000c29c468ed
[],[],[],ea46141c-9eac-11e8-9960-000c29c468ed
[],[],[],eb7b54e6-9eac-11e8-9960-000c29c468ed
[],[],[],ecf07db0-9eac-11e8-9960-000c29c468ed
[],[],[],ee8dbf3e-9eac-11e8-9960-000c29c468ed
[],[],[],f0055b6a-9eac-11e8-9960-000c29c468ed
[],[],[],f157c890-9eac-11e8-9960-000c29c468ed
[],[],[],f29de4f0-9eac-11e8-9960-000c29c468ed
